Name,Screener,LTP,Change(%),Open,Volume,Market Cap (Cr.),PE Ratio,Industry PE,52W High,52W Low,1M Returns,3M Returns,1 Yr Returns,3 Yr Returns,5 Yr Returns,PB Ratio,Dividend,ROE,ROCE,EPS,50 DMA,200 DMA,RSI,Margin Funding,Margin Pledge
"Reliance Industries","https://scanx.trade/company/reliance-industries-ltd","1,540.80","-0.29%","1,543.35","2,32,715","20,85,083.38","21.47","12.52","1,580.90","1,115.55","-1.66%","12.14%","27.24%","33.50%","70.64%","2.38","0.36%","8.54%","8.71%","101.61","1,522.38","1,419.00","49.51","78.00%","-"
"HDFC Bank","https://scanx.trade/company/hdfc-bank-ltd","990.70","-0.09%","991.85","6,62,628","15,21,749.67","20.32","9.55","1,020.35","812.13","-1.62%","4.23%","11.40%","20.75%","38.84%","2.83","1.10%","13.93%","6.38%","89.49","995.63","970.92","47.86","78.00%","-"
"Bharti Airtel","https://scanx.trade/company/bharti-airtel-ltd","2,099.85","0.87%","2,077.55","40,548","11,97,356.59","26.57","51.60","2,174.70","1,561.00","-0.06%","10.44%","32.17%","156.25%","311.20%","10.08","0.74%","8.11%","18.01%","21.42","2,091.31","1,925.20","50.69","78.00%","-"
"Tata Consultancy Services","https://scanx.trade/company/tcs-tata-consultancy-services-ltd","3,247.50","-0.19%","3,240.10","58,391","11,74,973.92","23.69","32.91","4,321.65","2,867.55","3.44%","12.12%","-21.92%","-0.67%","10.81%","11.13","3.87%","50.48%","62.02%","131.54","3,141.71","3,249.08","55.34","78.00%","-"
"ICICI Bank","https://scanx.trade/company/icici-bank-ltd","1,342.15","-0.08%","1,339.50","2,78,304","9,58,721.37","16.86","9.55","1,494.10","1,187.00","-3.35%","-0.36%","3.73%","48.03%","153.74%","2.92","0.82%","16.67%","6.13%","64.38","1,368.28","1,396.04","38.50","78.00%","-"
"State Bank of India","https://scanx.trade/company/state-bank-of-india-ltd","973.30","0.88%","963.55","3,40,615","8,98,416.01","10.62","9.71","999.10","679.65","-0.64%","11.81%","23.47%","58.96%","250.23%","1.64","1.59%","15.83%","5.57%","81.94","957.21","844.01","55.98","78.00%","-"
"Infosys","https://scanx.trade/company/infosys-ltd","1,624.40","-1.28%","1,640.00","2,30,266","6,74,839.47","23.69","32.91","1,982.55","1,307.10","4.15%","12.78%","-14.76%","7.04%","29.94%","7.02","2.68%","29.67%","35.85%","64.20","1,555.17","1,537.93","55.01","78.00%","-"
"Bajaj Finance","https://scanx.trade/company/bajaj-finance-ltd","990.00","-0.76%","995.30","2,00,455","6,16,025.70","33.43","-4.58","1,102.45","679.30","-4.59%","-0.11%","43.74%","52.12%","90.47%","6.01","0.56%","18.84%","10.98%","241.14","1,029.46","949.26","40.47","76.00%","89.17%"
"Larsen & Toubro","https://scanx.trade/company/lt-larsen-toubro-ltd","4,058.50","0.50%","4,048.30","92,850","5,58,269.40","29.04","13.76","4,139.00","2,967.65","-0.25%","10.06%","13.29%","92.29%","215.92%","5.48","0.84%","15.18%","18.71%","96.60","3,998.54","3,651.05","55.55","76.00%","-"
"Hindustan Unilever","https://scanx.trade/company/hindustan-unilever-ltd","2,292.20","0.00%","2,292.10","45,472","5,38,573.31","49.29","47.59","2,734.31","2,101.12","-5.54%","-6.73%","-0.60%","-9.23%","-2.22%","11.05","2.31%","19.99%","23.38%","43.99","2,380.13","2,382.89","40.74","78.00%","-"
"LIC of India","https://scanx.trade/company/lic-of-india-ltd","848.75","0.83%","841.75","35,396","5,36,834.18","10.42","-4.58","980.05","715.35","-5.08%","-5.15%","-6.76%","24.14%","-3.05%","3.75","1.43%","49.36%","0.87%","66.13","884.10","877.16","39.21","76.00%","-"
"Maruti Suzuki","https://scanx.trade/company/maruti-suzuki-ltd","16,603.90","0.26%","16,598.50","42,326","5,22,030.89","35.23","39.48","16,798.80","10,749.00","4.47%","3.79%","53.71%","96.77%","122.75%","5.22","0.82%","15.75%","19.54%","467.71","16,116.46","13,904.24","60.01","78.00%","-"
"ITC","https://scanx.trade/company/itc-ltd","400.60","-0.45%","401.85","4,12,174","5,01,818.12","14.26","19.09","471.30","391.50","-0.94%","-1.44%","-11.24%","26.31%","100.17%","7.09","3.56%","27.71%","36.57%","16.36","406.68","413.10","43.99","78.00%","-"
"Mahindra & Mahindra","https://scanx.trade/company/mahindra-mahindra-ltd","3,663.50","2.00%","3,606.85","32,187","4,55,566.79","28.80","39.48","3,796.00","2,360.45","-2.51%","7.22%","22.00%","190.34%","418.18%","5.39","0.68%","15.83%","15.04%","88.80","3,650.07","3,261.34","53.07","76.00%","-"
"HCL Technologies","https://scanx.trade/company/hcl-technologies-ltd","1,621.65","-0.52%","1,630.00","1,85,251","4,40,061.50","26.05","32.91","2,011.00","1,304.00","-0.37%","16.92%","-15.93%","55.26%","73.25%","6.21","3.68%","23.01%","30.84%","60.53","1,605.65","1,564.04","45.00","76.00%","-"
"Kotak Bank","https://scanx.trade/company/kotak-mahindra-bank-ltd","2,154.65","-0.19%","2,155.00","32,026","4,28,472.09","23.12","9.55","2,301.55","1,711.05","1.44%","8.15%","23.62%","18.50%","7.73%","2.56","0.12%","13.83%","6.51%","93.78","2,135.71","2,097.65","53.03","78.00%","-"
"Sun Pharmaceutical","https://scanx.trade/company/sun-pharmaceutical-ltd","1,720.80","0.19%","1,717.15","56,376","4,12,877.56","39.30","17.47","1,910.00","1,547.25","-6.03%","8.17%","-8.58%","72.07%","191.41%","5.30","0.93%","14.38%","18.92%","43.95","1,749.97","1,696.23","39.42","78.00%","-"
"Axis Bank","https://scanx.trade/company/axis-bank-ltd","1,246.00","1.13%","1,232.05","95,426","3,86,593.90","14.64","9.55","1,304.00","934.00","-2.68%","10.10%","16.49%","33.26%","97.70%","1.93","0.08%","16.77%","6.50%","86.46","1,249.98","1,164.89","49.98","78.00%","-"
"Titan","https://scanx.trade/company/titan-ltd","3,965.95","-0.40%","3,966.35","16,689","3,52,091.55","85.61","12.57","4,030.00","2,947.55","1.46%","16.51%","21.78%","55.36%","157.49%","27.61","0.28%","37.22%","36.95%","38.91","3,842.14","3,537.75","61.93","78.00%","-"
"UltraTech Cement","https://scanx.trade/company/ultratech-cement-ltd","11,699.00","-0.84%","11,650.45","7,369","3,44,745.16","47.64","30.76","13,101.80","10,053.00","0.85%","-2.92%","3.57%","67.45%","127.44%","4.83","0.66%","11.62%","9.06%","243.84","11,764.87","11,894.22","51.48","78.00%","-"
"Bajaj Finserv","https://scanx.trade/company/bajaj-finserv-ltd","2,045.10","1.66%","2,001.60","22,286","3,26,768.78","16.70","-4.58","2,194.65","1,559.80","-2.35%","1.20%","29.77%","35.00%","127.80%","4.20","0.05%","15.03%","10.65%","52.25","2,074.51","2,012.35","48.73","76.00%","-"
"Adani Ports & SEZ","https://scanx.trade/company/adani-ports-sez-ltd","1,461.10","0.47%","1,450.00","33,277","3,15,617.90","27.99","40.63","1,548.60","1,011.00","-3.67%","5.56%","19.83%","78.25%","202.51%","4.99","0.45%","15.69%","13.60%","46.34","1,482.26","1,381.35","40.90","75.01%","-"
"NTPC","https://scanx.trade/company/ntpc-ltd","325.10","-0.12%","325.00","1,94,208","3,15,238.62","12.94","10.15","371.10","292.70","-0.46%","-4.76%","-1.87%","95.08%","229.22%","1.64","2.57%","12.31%","9.85%","22.08","328.35","337.43","51.95","76.00%","-"
"Oil & Natural Gas Corporation","https://scanx.trade/company/oil-natural-gas-corporation-ltd","234.80","-","234.70","1,31,021","2,95,384.96","6.90","-126.44","273.45","205.00","-3.47%","-2.17%","0.62%","62.04%","152.07%","0.80","5.22%","15.64%","11.31%","36.35","244.61","241.48","39.40","76.00%","-"
"Hindustan Aeronautics","https://scanx.trade/company/hal-hindustan-aeronautics-ltd","4,328.90","-1.10%","4,377.10","53,634","2,89,506.01","34.56","38.29","5,166.00","3,045.95","-4.70%","-8.70%","6.19%","245.54%","935.67%","7.89","0.91%","26.15%","17.49%","113.89","4,558.27","4,586.09","41.62","74.66%","-"
"Bharat Electronics","https://scanx.trade/company/bharat-electronics-ltd","393.55","0.04%","395.95","9,17,515","2,87,676.35","50.50","30.46","435.95","240.15","-4.37%","-1.62%","38.21%","297.73%","929.70%","13.33","0.61%","24.13%","33.72%","5.80","408.19","377.20","44.25","75.80%","-"
"Adani Power","https://scanx.trade/company/adani-power-ltd","144.70","2.88%","140.30","15,29,970","2,79,049.53","23.10","10.15","182.75","89.07","-1.90%","-1.40%","34.06%","137.64%","1,334.09%","4.64","-","48.28%","20.42%","41.44","150.50","126.29","49.90","60.00%","75.00%"
"Wipro","https://scanx.trade/company/wipro-ltd","263.80","-0.17%","255.05","2,57,943","2,76,559.65","20.45","32.91","324.55","225.05","5.75%","10.12%","-13.12%","35.05%","37.05%","3.24","2.27%","14.88%","18.97%","21.37","250.83","252.33","58.14","76.00%","-"
"JSW Steel","https://scanx.trade/company/jsw-steel-ltd","1,111.65","1.79%","1,093.45","79,882","2,71,848.89","43.97","23.17","1,223.75","879.60","-4.21%","-0.91%","23.65%","44.46%","191.43%","3.22","0.32%","11.25%","7.49%","28.47","1,143.85","1,069.42","48.59","76.00%","-"
"Eternal","https://scanx.trade/company/zomato-ltd","277.00","-2.10%","282.95","10,50,329","2,67,314.71","1,489.21","40.63","368.40","189.60","-7.71%","-14.73%","-2.09%","354.84%","120.10%","8.84","-","1.72%","2.63%","0.68","304.03","279.70","33.56","72.84%","-"
"Hindustan Zinc","https://scanx.trade/company/hindustan-zinc-ltd","625.00","1.05%","612.35","5,57,993","2,64,082.44","24.74","-96.54","656.25","378.65","28.75%","33.96%","44.18%","91.84%","160.53%","19.08","4.69%","51.06%","62.89%","19.26","511.25","464.08","75.85","58.00%","-"
"Asian Paints","https://scanx.trade/company/asian-paints-ltd","2,744.80","-1.09%","2,757.90","39,382","2,63,280.61","67.15","42.75","2,985.50","2,125.00","-4.48%","17.12%","20.05%","-11.89%","1.80%","13.60","0.89%","28.61%","23.98%","52.96","2,747.45","2,475.21","43.16","78.00%","-"
"Bajaj Auto","https://scanx.trade/company/bajaj-auto-ltd","9,286.90","2.23%","9,070.80","9,744","2,59,343.75","30.48","11.61","9,471.00","7,088.25","2.33%","6.49%","5.74%","160.07%","170.65%","7.43","2.31%","26.61%","24.90%","286.76","8,994.45","8,552.30","61.41","76.00%","-"
"Adani Enterprises","https://scanx.trade/company/adani-enterprises-ltd","2,215.10","0.55%","2,203.25","42,389","2,55,662.57","29.45","39.99","2,612.75","1,965.04","-2.89%","-8.93%","-11.90%","-40.03%","367.34%","4.70","0.06%","7.45%","10.92%","37.44","2,327.71","2,357.70","41.94","71.37%","-"
"Nestle","https://scanx.trade/company/nestle-india-ltd","1,273.90","-0.48%","1,280.00","40,884","2,45,647.96","83.66","52.35","1,310.50","1,057.50","1.08%","10.54%","17.85%","28.53%","39.46%","55.66","1.05%","117.72%","59.30%","33.58","1,260.96","1,197.28","61.11","78.00%","-"
"Coal India","https://scanx.trade/company/coal-india-ltd","397.95","-0.64%","400.45","1,23,363","2,45,245.77","7.94","-96.54","417.25","349.20","5.88%","2.45%","5.19%","79.58%","194.45%","2.34","6.62%","44.71%","24.48%","59.34","384.67","388.29","64.17","76.00%","-"
"Avenue Supermarts DMart","https://scanx.trade/company/dmart-avenue-supermarts-ltd","3,754.05","-0.89%","3,798.95","55,125","2,44,288.45","90.22","39.99","4,916.30","3,337.10","-6.04%","-17.22%","4.24%","-10.15%","40.86%","10.77","-","13.56%","16.93%","40.74","4,000.95","4,187.65","33.00","76.00%","-"
"Power Grid Corporation of India","https://scanx.trade/company/power-grid-corporation-of-india-ltd","260.30","-0.12%","260.85","2,23,344","2,42,094.72","15.95","10.15","321.75","247.50","-3.56%","-7.23%","-15.58%","60.83%","144.07%","2.45","3.45%","18.53%","12.27%","16.88","273.18","287.06","37.79","76.00%","-"
"Vedanta","https://scanx.trade/company/vedanta-ltd","605.55","2.06%","593.15","8,59,451","2,36,793.55","13.06","-96.54","616.00","362.20","15.28%","33.93%","37.50%","97.18%","278.11%","5.78","7.33%","17.92%","28.36%","13.95","527.96","464.18","77.00","75.86%","-"
"Indian Oil Corporation","https://scanx.trade/company/indian-oil-corporation-ltd","161.50","-0.31%","162.00","13,11,531","2,28,058.00","8.97","12.52","174.45","110.75","-0.15%","8.17%","19.81%","115.76%","165.63%","1.16","1.81%","22.94%","9.53%","21.83","163.89","147.43","45.63","76.00%","-"
"Tata Steel","https://scanx.trade/company/tata-steel-ltd","175.75","2.03%","172.05","13,28,691","2,19,397.99","32.14","23.17","187.00","122.60","4.71%","3.96%","28.38%","57.27%","178.13%","2.30","2.09%","-5.31%","8.15%","1.60","172.48","161.38","61.41","76.00%","-"
"SBI Life Insurance","https://scanx.trade/company/sbi-life-insurance-ltd","2,011.50","0.11%","2,017.80","6,357","2,01,647.89","82.15","-4.58","2,085.00","1,373.15","2.20%","12.44%","43.23%","59.93%","123.70%","11.01","0.13%","12.70%","0.56%","20.29","1,983.50","1,809.34","52.47","78.00%","-"
"Hindalco Industries","https://scanx.trade/company/hindalco-industries-ltd","884.20","2.19%","866.35","1,91,836","1,98,699.77","10.95","86.61","890.70","546.25","9.37%","17.19%","46.83%","88.01%","274.66%","1.44","0.57%","9.57%","12.85%","48.78","821.33","718.05","69.63","76.00%","-"
"Eicher Motors","https://scanx.trade/company/eicher-motors-ltd","7,148.00","-1.63%","7,253.50","6,354","1,96,053.91","39.03","51.72","7,373.00","4,644.10","1.31%","2.30%","47.31%","117.93%","190.52%","9.02","0.96%","22.17%","26.14%","152.70","7,053.71","6,111.63","49.49","78.00%","-"
"Interglobe Aviation","https://scanx.trade/company/indigo-interglobe-aviation-ltd","5,015.85","-1.37%","5,084.95","37,083","1,93,894.62","38.47","5.75","6,225.05","3,946.40","-15.02%","-11.72%","9.01%","148.60%","196.50%","22.77","0.20%","409.35%","15.53%","202.26","5,518.90","5,544.16","35.69","76.00%","-"
"Grasim Industries","https://scanx.trade/company/grasim-industries-ltd","2,841.80","-0.04%","2,843.05","6,864","1,93,389.33","21.56","5.40","2,978.85","2,276.10","3.73%","3.44%","16.45%","62.71%","213.62%","1.94","0.35%","7.14%","5.94%","85.43","2,798.27","2,736.51","61.43","78.00%","-"
"Hyundai Motor India","https://scanx.trade/company/hyundai-motor-india-ltd","2,299.00","-1.05%","2,315.00","44,615","1,86,803.20","33.03","39.48","2,889.65","1,542.95","-1.15%","-12.99%","28.10%","26.29%","26.29%","10.75","0.90%","-","40.99%","-","2,337.77","2,141.19","44.86","65.00%","-"
"Jio Financial Services","https://scanx.trade/company/jio-financial-services-ltd","292.55","-0.46%","293.85","2,32,490","1,85,861.16","114.36","-4.58","338.45","198.60","-4.47%","-0.70%","-4.43%","16.21%","16.21%","1.39","0.17%","1.15%","1.49%","2.50","302.86","292.82","39.99","75.00%","-"
"Shriram Finance","https://scanx.trade/company/shriram-transport-finance-company-ltd","979.15","2.49%","956.45","3,08,473","1,84,178.89","18.22","-4.58","983.35","493.60","15.15%","59.98%","67.83%","273.27%","373.13%","2.97","1.04%","14.88%","10.65%","201.17","826.47","691.04","77.54","75.03%","82.00%"
"LTI Mindtree","https://scanx.trade/company/lti-larsen-toubro-infotech-ltd","6,060.60","0.49%","6,006.65","2,262","1,79,646.35","36.86","32.91","6,378.00","3,841.05","-0.57%","17.44%","7.29%","37.11%","67.86%","7.64","1.08%","22.89%","26.33%","154.11","5,943.03","5,252.31","47.05","76.00%","-"
"TVS Motors","https://scanx.trade/company/tvs-motors-ltd","3,633.90","1.71%","3,581.50","10,416","1,72,641.91","61.00","51.72","3,732.30","2,170.05","2.86%","5.57%","53.85%","230.31%","647.18%","20.91","0.28%","23.68%","22.61%","36.05","3,565.87","3,081.32","52.90","76.00%","-"
"Divis Laboratories","https://scanx.trade/company/divis-laboratories-ltd","6,425.50","0.57%","6,393.10","2,895","1,70,576.84","68.25","40.11","7,077.70","4,941.70","-0.82%","12.78%","6.04%","88.33%","69.65%","11.00","0.47%","11.79%","18.85%","63.06","6,498.00","6,299.48","49.77","76.00%","-"
"DLF","https://scanx.trade/company/dlf-ltd","681.05","-1.09%","683.70","25,516","1,68,581.33","39.78","-2.81","887.50","601.20","-5.91%","-5.64%","-17.16%","82.42%","194.25%","3.96","0.87%","4.13%","5.62%","11.50","731.25","749.46","35.15","76.00%","-"
"Adani Green Energy","https://scanx.trade/company/adani-green-energy-ltd","1,010.00","0.73%","1,002.65","1,31,625","1,63,882.22","71.01","10.15","1,179.20","758.00","-3.68%","-2.48%","-6.31%","-47.20%","-2.72%","8.46","-","7.22%","8.15%","8.71","1,040.65","992.21","45.11","68.03%","-"
"Varun Beverages","https://scanx.trade/company/varun-beverages-ltd","484.40","0.38%","483.00","76,136","1,63,822.20","54.46","17.80","663.70","419.40","0.60%","7.37%","-25.07%","78.47%","504.67%","8.89","0.21%","29.67%","20.86%","18.65","469.63","485.38","58.10","75.00%","-"
"IRFC","https://scanx.trade/company/indian-railway-finance-corp-ltd","124.60","-1.46%","126.20","22,29,394","1,62,833.58","24.18","-183.67","158.00","108.05","5.95%","0.28%","-18.75%","281.04%","401.41%","2.94","1.27%","13.04%","5.81%","4.93","119.44","127.42","59.09","72.21%","-"
"Bharat Petroleum","https://scanx.trade/company/bharat-petroleum-ltd","369.00","-0.67%","372.70","2,14,138","1,60,090.85","7.59","12.52","381.60","234.15","2.79%","8.80%","25.83%","125.65%","93.26%","1.71","2.65%","35.51%","17.05%","44.92","360.33","326.65","56.16","76.00%","-"
"HDFC Life Insurance","https://scanx.trade/company/hdfc-life-insurance-ltd","742.40","-0.58%","746.80","1,56,859","1,60,020.43","85.05","-4.58","820.50","584.65","-2.89%","-1.90%","20.30%","30.15%","10.30%","9.49","0.28%","10.73%","0.60%","7.61","758.31","750.02","39.01","78.00%","-"
"Tech Mahindra","https://scanx.trade/company/tech-mahindra-ltd","1,611.65","-0.03%","1,605.20","23,229","1,57,871.16","35.40","32.91","1,773.00","1,209.70","6.25%","14.23%","-7.73%","59.00%","66.88%","5.73","2.79%","8.83%","18.78%","25.74","1,506.21","1,510.30","63.83","76.00%","-"
"Muthoot Finance","https://scanx.trade/company/muthoot-finance-ltd","3,792.15","1.60%","3,700.05","10,833","1,52,242.87","20.75","-4.58","3,889.00","1,964.35","1.31%","23.69%","80.45%","258.88%","213.54%","4.57","0.70%","16.57%","13.76%","111.25","3,570.50","2,809.94","57.28","76.00%","-"
"Bank of Baroda","https://scanx.trade/company/bank-of-baroda-ltd","293.10","1.95%","286.90","7,40,785","1,51,572.63","7.67","9.71","303.90","190.70","1.12%","15.42%","21.85%","58.13%","370.09%","0.94","2.91%","15.25%","5.69%","36.82","284.94","251.38","57.39","76.00%","-"
"Trent","https://scanx.trade/company/trent-ltd","4,209.35","-0.39%","4,221.20","15,489","1,49,637.11","93.53","39.99","7,490.00","3,931.45","-0.98%","-11.05%","-39.53%","212.56%","525.65%","24.62","0.12%","36.01%","29.27%","35.43","4,368.75","5,078.54","48.62","72.77%","-"
"Pidilite Industries","https://scanx.trade/company/pidilite-industries-ltd","1,458.20","0.43%","1,440.60","13,935","1,48,403.06","65.76","200.61","1,575.00","1,310.08","-0.79%","-0.59%","0.09%","11.75%","66.28%","15.47","0.69%","20.28%","26.80%","36.93","1,474.41","1,492.28","46.99","78.00%","-"
"Britannia Industries","https://scanx.trade/company/britannia-industries-ltd","6,000.00","-0.71%","6,010.95","59,094","1,44,520.98","62.83","52.35","6,336.95","4,506.50","2.65%","1.08%","25.06%","37.82%","67.00%","38.99","1.24%","53.81%","58.72%","91.68","5,936.64","5,663.61","52.40","78.00%","-"
"Cholamandalam Investment","https://scanx.trade/company/cholamandalam-investment-ltd","1,707.50","0.54%","1,672.45","14,485","1,43,668.88","30.85","-4.58","1,780.90","1,169.05","-1.66%","7.24%","40.62%","138.68%","345.94%","5.46","0.12%","17.41%","9.61%","43.53","1,702.17","1,583.30","52.38","75.93%","-"
"Punjab National Bank","https://scanx.trade/company/punjab-national-bank-ltd","122.40","1.58%","120.45","5,89,521","1,40,673.63","8.09","9.71","127.80","85.50","-1.69%","11.78%","20.29%","121.34%","268.67%","1.03","2.41%","8.25%","5.75%","10.66","120.86","108.51","56.92","76.00%","-"
"Canara Bank","https://scanx.trade/company/canara-bank-ltd","154.00","1.99%","150.90","18,02,272","1,39,688.03","7.83","9.71","154.20","78.58","1.55%","27.80%","55.01%","139.88%","509.42%","1.26","2.65%","15.87%","6.11%","17.21","143.51","116.37","66.12","76.00%","-"
"Ambuja Cements","https://scanx.trade/company/ambuja-cements-ltd","549.75","-0.39%","554.50","59,079","1,35,888.50","18.89","30.76","625.00","455.00","-0.04%","-2.28%","0.83%","5.16%","125.03%","2.43","0.36%","9.32%","9.15%","12.66","551.84","560.23","52.74","76.00%","-"
"Tata Motors Passenger Vehicles","https://scanx.trade/company/tata-motors-passenger-vehicles-ltd","361.50","0.81%","358.00","7,48,103","1,33,123.19","1.40","39.48","490.32","328.44","1.30%","-11.20%","-18.62%","54.75%","225.62%","1.19","1.67%","34.17%","18.34%","102.18","374.84","403.27","51.58","76.00%","-"
"Vodafone Idea","https://scanx.trade/company/vodafone-idea-ltd","12.07","0.84%","11.93","4,71,29,396","1,30,770.04","-5.01","51.60","12.21","6.12","21.06%","46.48%","55.34%","52.98%","17.30%","-1.57","-","29.99%","-1.99%","-","10.40","8.09","68.77","65.99%","-"
"Torrent Pharmaceuticals","https://scanx.trade/company/torrent-pharmaceuticals-ltd","3,820.45","0.73%","3,780.55","4,231","1,29,301.39","59.98","24.90","3,880.55","2,891.45","2.65%","6.56%","13.30%","144.51%","176.82%","15.19","0.16%","24.16%","28.48%","49.44","3,723.82","3,468.49","58.82","78.00%","-"
"Samvardhana Motherson International","https://scanx.trade/company/motherson-sumi-systems-ltd","119.50","-0.08%","119.65","2,32,777","1,26,125.59","35.60","174.46","122.35","71.53","2.75%","11.83%","16.32%","140.78%","105.01%","3.40","0.47%","10.70%","14.07%","4.75","112.48","100.92","58.45","75.72%","-"
"Godrej Consumer Products","https://scanx.trade/company/godrej-consumer-products-ltd","1,212.50","0.57%","1,205.70","6,266","1,24,047.76","67.70","85.80","1,308.40","979.75","5.78%","2.95%","14.11%","36.87%","63.73%","10.14","2.07%","-4.45%","23.72%","17.15","1,147.21","1,193.51","70.87","76.00%","-"
"Bajaj Holdings & Investments","https://scanx.trade/company/bajaj-holdings-and-investments-ltd","11,048.50","-1.82%","11,225.00","2,798","1,22,962.63","14.40","-4.58","14,873.20","10,264.00","-3.89%","-11.51%","-12.27%","88.63%","259.98%","1.85","0.83%","11.70%","8.98%","670.52","11,773.70","12,690.83","42.32","68.52%","-"
"Adani Energy Solutions","https://scanx.trade/company/adani-transmission-ltd","1,020.00","2.12%","999.35","37,230","1,22,530.83","49.27","10.15","1,050.00","639.35","2.56%","17.05%","23.47%","13.85%","13.85%","5.13","-","8.73%","6.77%","12.54","982.60","888.15","58.68","68.33%","-"
"Cummins","https://scanx.trade/company/cummins-india-ltd","4,383.10","-0.42%","4,360.00","16,360","1,21,499.53","52.73","59.81","4,614.75","2,594.75","-2.16%","9.77%","36.01%","213.93%","670.05%","15.45","1.17%","26.02%","32.98%","66.04","4,371.47","3,645.73","46.85","76.00%","-"
"Cipla","https://scanx.trade/company/cipla-ltd","1,491.40","-0.20%","1,495.00","75,225","1,20,468.44","22.21","17.47","1,672.20","1,310.05","-2.58%","0.19%","-1.92%","37.17%","80.20%","3.67","1.07%","15.50%","21.57%","55.04","1,526.74","1,515.58","42.37","78.00%","-"
"Tata Power","https://scanx.trade/company/tata-power-ltd","374.35","-0.52%","375.95","3,00,113","1,19,617.54","24.04","10.15","416.70","326.25","-4.06%","-3.51%","-4.09%","81.86%","389.03%","3.19","0.60%","11.17%","9.90%","11.48","388.72","388.85","37.74","76.00%","-"
"Tata Consumer Products","https://scanx.trade/company/tata-consumer-products-ltd","1,177.50","-1.42%","1,200.00","23,419","1,16,518.54","86.37","-11.03","1,202.75","895.00","0.52%","4.72%","30.35%","53.51%","99.07%","5.82","0.69%","7.46%","7.91%","13.53","1,167.81","1,109.09","53.29","78.00%","-"
"Union Bank of India","https://scanx.trade/company/union-bank-of-india-ltd","151.85","1.84%","149.60","3,48,452","1,15,916.30","6.16","9.71","160.10","100.75","-0.88%","12.11%","27.39%","94.43%","376.02%","0.95","3.19%","14.05%","6.23%","18.56","150.60","138.81","51.03","73.93%","-"
"Power Finance Corporation","https://scanx.trade/company/power-finance-corporation-ltd","350.00","-0.40%","351.10","73,571","1,15,503.56","3.52","-183.67","474.70","330.05","-3.61%","-13.88%","-20.83%","216.34%","276.83%","0.91","4.50%","19.70%","9.24%","62.81","368.05","399.07","45.73","72.83%","-"
"Hero Motocorp","https://scanx.trade/company/hero-motocorp-ltd","5,711.85","2.64%","5,570.00","25,169","1,14,275.76","20.99","51.72","6,390.00","3,322.60","-7.48%","7.56%","36.38%","109.61%","85.85%","5.30","2.96%","20.98%","28.71%","204.10","5,789.68","4,789.27","43.43","76.00%","-"
"Polycab","https://scanx.trade/company/polycab-india-ltd","7,494.75","0.02%","7,450.90","7,171","1,12,818.43","45.28","22.19","7,899.50","4,557.45","0.38%","3.06%","2.89%","191.77%","617.30%","10.65","0.47%","21.87%","27.96%","118.40","7,490.82","6,671.44","52.88","74.12%","-"
"HDFC AMC","https://scanx.trade/company/hdfc-asset-management-company-ltd","2,633.40","-0.49%","2,639.60","13,394","1,12,711.50","41.28","-4.58","2,965.00","1,762.53","-1.44%","-6.21%","23.68%","141.49%","81.13%","14.64","1.70%","27.46%","39.50%","96.87","2,687.20","2,557.97","47.44","76.00%","-"
"GAIL","https://scanx.trade/company/gail-ltd","170.85","0.26%","170.40","1,02,005","1,12,335.58","10.22","40.63","202.65","150.60","-2.98%","-3.17%","-9.51%","77.97%","107.09%","1.27","4.40%","12.83%","15.14%","17.17","176.90","180.23","44.52","76.00%","-"
"Indus Towers","https://scanx.trade/company/bharti-infratel-ltd","423.75","0.37%","419.45","55,887","1,11,792.15","11.90","17.92","429.90","312.60","5.66%","22.10%","24.58%","123.26%","80.55%","3.09","-","22.32%","28.12%","24.54","397.92","378.21","64.28","75.51%","-"
"Solar Industries","https://scanx.trade/company/solar-industries-ltd","12,298.00","-0.26%","12,337.00","11,076","1,11,284.67","79.83","200.61","17,805.00","8,479.30","-7.33%","-9.22%","28.58%","195.16%","1,032.05%","21.81","0.08%","25.54%","30.18%","102.22","13,223.69","13,949.66","40.90","74.84%","-"
"ABB","https://scanx.trade/company/abb-ltd","5,142.40","-0.48%","5,166.75","4,881","1,08,971.76","62.08","3.54","6,947.45","4,590.05","-0.58%","-1.24%","-23.49%","91.54%","326.91%","42.09","0.85%","21.00%","35.54%","75.95","5,152.24","5,410.41","47.57","75.96%","-"
"Indian Bank","https://scanx.trade/company/indian-bank-ltd","808.75","3.07%","779.10","1,12,471","1,08,935.71","9.37","9.71","898.60","474.05","-7.07%","11.64%","52.29%","191.70%","817.47%","1.52","2.07%","13.49%","5.89%","67.86","832.06","679.47","52.24","75.78%","-"
"IDBI Bank","https://scanx.trade/company/idbi-bank-ltd","101.30","-","101.25","2,26,597","1,08,921.83","11.70","9.55","106.99","65.89","1.00%","13.55%","33.55%","88.12%","221.59%","1.89","2.07%","11.35%","5.31%","5.85","99.00","91.88","58.02","60.00%","-"
"GMR Airports","https://scanx.trade/company/gmr-infrastructure-ltd","102.80","0.83%","103.05","2,29,295","1,08,546.27","-728.21","40.63","110.30","67.75","-5.07%","18.01%","32.95%","161.25%","285.74%","-39.38","-","-86.69%","7.69%","-","99.56","89.82","52.86","75.00%","-"
"Siemens","https://scanx.trade/company/siemens-ltd","3,021.20","-1.10%","3,050.50","18,727","1,07,591.13","51.66","3.54","3,411.50","2,271.44","-8.44%","-2.72%","-5.78%","115.00%","286.04%","8.22","0.39%","14.98%","22.43%","68.99","3,160.55","3,082.14","35.24","74.98%","-"
"Lodha Developers","https://scanx.trade/company/macrotech-developers-ltd","1,062.75","-0.16%","1,062.00","9,879","1,06,110.64","31.90","-2.81","1,534.25","1,036.00","-7.43%","-7.91%","-25.61%","93.88%","358.91%","5.10","0.40%","8.86%","18.64%","19.37","1,147.72","1,249.08","33.23","72.22%","-"
"Dr Reddys Laboratories","https://scanx.trade/company/dr-reddys-laboratories-ltd","1,265.95","-0.21%","1,264.05","23,752","1,05,657.93","18.46","17.47","1,404.60","1,025.90","0.62%","2.49%","-8.10%","48.62%","22.58%","2.94","0.63%","19.74%","21.88%","333.59","1,254.13","1,242.75","49.98","78.00%","91.00%"
"Ashok Leyland","https://scanx.trade/company/ashok-leyland-ltd","178.70","2.17%","175.70","6,30,218","1,04,958.63","29.00","766.77","178.25","95.20","12.99%","25.40%","59.77%","147.68%","276.21%","8.16","1.79%","22.82%","15.46%","8.52","153.47","129.32","75.12","76.00%","-"
"Bosch","https://scanx.trade/company/bosch-ltd","35,575.00","-0.19%","35,500.05","615","1,04,923.62","39.19","174.46","41,894.30","25,938.20","-1.42%","-7.20%","5.05%","108.12%","177.35%","7.50","1.44%","20.65%","18.89%","646.75","36,938.43","34,871.68","37.63","78.00%","-"
"Jindal Steel","https://scanx.trade/company/jindal-steel-ltd","1,021.15","3.13%","991.40","59,886","1,04,166.30","36.35","23.17","1,098.30","723.95","-2.24%","-2.09%","11.04%","73.19%","293.73%","2.04","0.20%","13.28%","8.16%","54.82","1,034.15","975.44","51.93","76.00%","-"
"United Spirits","https://scanx.trade/company/united-spirits-ltd","1,430.55","0.09%","1,438.90","4,451","1,04,051.18","63.49","42.44","1,700.00","1,270.50","-1.47%","9.28%","-12.04%","62.87%","150.75%","12.36","0.84%","19.77%","26.08%","19.42","1,419.61","1,412.65","51.28","76.00%","-"
"Indian Hotels Company","https://scanx.trade/company/indian-hotels-company-ltd","730.20","-1.67%","744.75","71,760","1,03,939.02","57.34","282.29","894.15","672.55","-1.85%","0.81%","-17.84%","132.77%","514.85%","9.14","0.30%","11.86%","17.74%","9.03","729.87","757.91","49.20","76.00%","-"
"Max Healthcare Institute","https://scanx.trade/company/max-healthcare-institute-ltd","1,041.80","-2.03%","1,065.50","82,230","1,01,287.59","76.23","-80.64","1,314.30","940.35","-10.43%","-6.30%","-10.74%","129.52%","638.34%","10.29","0.14%","14.89%","11.73%","10.84","1,122.51","1,159.05","35.76","70.00%","-"
"CG Power & Industrial Solutions","https://scanx.trade/company/cg-power-and-industrial-solutions-ltd","640.90","-1.06%","645.50","1,84,116","1,00,921.31","95.96","3.54","797.75","518.35","-4.95%","-14.17%","-12.86%","140.35%","1,321.06%","13.67","0.19%","28.86%","31.58%","5.88","699.65","684.36","29.99","74.12%","-"
"Apollo Hospitals","https://scanx.trade/company/apollo-hospitals-ltd","6,998.35","-1.15%","7,090.80","5,991","1,00,625.54","58.88","-80.64","8,099.00","6,002.15","-4.56%","-5.94%","-4.47%","55.09%","194.61%","11.20","0.18%","12.53%","15.53%","72.05","7,401.22","7,257.30","37.76","75.00%","-"
"Hindustan Petroleum","https://scanx.trade/company/hindustan-petroleum-ltd","468.35","-1.26%","475.70","1,88,070","99,656.57","7.25","12.52","494.55","287.55","2.36%","6.00%","15.23%","201.25%","226.08%","1.77","2.21%","34.13%","12.56%","46.45","465.34","417.39","53.51","74.69%","-"
"Mazagon Dock Shipbuilders","https://scanx.trade/company/mazagon-dock-shipbuilders-ltd","2,463.15","-2.95%","2,548.75","1,88,073","99,358.54","43.86","40.63","3,778.00","1,917.95","-8.07%","-10.41%","8.69%","524.80%","2,218.26%","11.49","0.68%","21.98%","34.51%","96.04","2,647.76","2,857.32","41.33","66.44%","-"
"Bharat Heavy Electricals","https://scanx.trade/company/bhel-bharat-heavy-electricals-ltd","282.70","1.16%","279.50","3,91,802","98,437.93","174.66","3.54","295.20","176.00","-2.74%","20.89%","25.17%","258.76%","699.72%","3.99","0.18%","1.15%","3.75%","0.29","272.18","243.91","55.25","72.83%","-"
"Swiggy","https://scanx.trade/company/swiggy-ltd","394.50","-0.08%","394.50","4,17,746","98,374.37","-26.15","40.63","567.80","297.00","4.28%","-5.23%","-28.29%","-13.48%","-13.48%","5.50","-","-","-25.96%","-","402.64","384.79","46.10","65.00%","-"
"ICICI Lombard General Insurance","https://scanx.trade/company/icici-lombard-general-insurance-ltd","1,965.10","1.09%","1,936.00","7,145","97,752.04","34.57","-4.58","2,074.85","1,612.65","-0.30%","3.16%","8.67%","58.92%","30.09%","6.05","0.64%","15.72%","-8.50%","42.73","1,988.16","1,910.15","50.59","78.00%","-"
"Persistent Systems","https://scanx.trade/company/persistent-systems-ltd","6,140.00","-1.37%","6,209.55","9,312","96,029.60","58.97","32.91","6,764.00","4,163.80","-3.35%","26.07%","-7.48%","220.32%","724.49%","13.74","0.56%","22.06%","28.61%","76.02","6,163.71","5,604.68","44.13","75.19%","-"
"Marico","https://scanx.trade/company/marico-ltd","739.25","-1.85%","753.00","56,711","95,949.76","57.63","8.99","765.50","577.90","3.06%","5.73%","15.04%","43.36%","81.48%","24.13","1.39%","36.03%","36.91%","11.73","729.70","710.04","53.27","78.00%","-"
"Lupin","https://scanx.trade/company/lupin-ltd","2,081.00","0.07%","2,098.95","31,885","95,050.61","21.85","17.47","2,403.45","1,774.00","-","7.76%","-9.90%","183.11%","112.98%","4.84","0.58%","13.47%","21.29%","49.64","2,036.99","1,992.64","50.31","76.00%","-"
"Shree Cement","https://scanx.trade/company/shree-cement-ltd","26,280.00","0.07%","26,205.00","420","94,820.21","55.02","30.76","32,508.20","24,811.15","-0.46%","-11.32%","1.52%","13.02%","10.25%","4.22","0.42%","11.55%","6.67%","582.58","26,969.79","29,311.05","48.04","78.00%","-"
"ICICI Prudential Life Insurance","https://scanx.trade/company/icici-prudential-life-insurance-ltd","654.80","0.59%","659.85","25,687","94,732.06","72.09","-4.58","693.00","517.00","5.77%","11.13%","1.08%","46.06%","31.03%","7.43","0.13%","7.73%","0.44%","6.03","622.22","614.35","63.11","76.00%","-"
"REC","https://scanx.trade/company/rural-electrification-corporation-ltd","351.40","-1.19%","356.50","1,39,907","92,531.49","5.42","-183.67","544.45","331.10","-2.61%","-5.52%","-29.37%","208.79%","246.69%","1.12","5.06%","20.40%","9.48%","55.59","358.37","387.37","50.37","72.32%","-"
"Siemens Energy","https://scanx.trade/company/siemens-energy-ltd","2,580.00","0.09%","2,577.75","10,872","91,879.09","83.45","10.15","3,624.00","2,529.00","-18.34%","-26.67%","-5.78%","-5.78%","-5.78%","20.95","0.16%","-","12.93%","-","3,069.45","-","24.77","-","-"
"Aditya Birla Capital","https://scanx.trade/company/aditya-birla-capital-ltd","349.05","0.65%","340.35","1,36,039","91,187.09","27.14","-4.58","368.90","148.75","-2.49%","20.49%","93.76%","132.39%","314.55%","2.82","-","12.01%","9.58%","13.24","337.46","268.50","53.43","76.00%","-"
"SRF","https://scanx.trade/company/srf-ltd","3,075.00","0.14%","3,050.05","10,394","91,150.63","56.27","200.61","3,319.00","2,197.20","5.00%","9.95%","36.79%","35.02%","180.04%","6.86","0.24%","11.64%","12.90%","41.45","2,957.17","2,983.28","61.79","76.00%","-"
"Zydus Life Science","https://scanx.trade/company/cadila-healthcare-ltd","902.30","-0.19%","904.30","13,691","90,792.49","18.09","17.47","1,059.00","797.05","-4.24%","-9.07%","-5.79%","116.20%","88.37%","3.60","1.22%","17.34%","21.99%","41.43","944.55","948.65","34.57","76.00%","-"
"Bharti Hexacom","https://scanx.trade/company/bharti-hexacom-ltd","1,804.70","-2.01%","1,820.65","7,048","90,235.00","59.72","51.60","2,051.00","1,225.00","2.17%","10.46%","18.54%","121.78%","121.78%","14.75","0.54%","10.87%","20.12%","8.38","1,787.67","1,725.75","55.44","60.00%","-"
"Mankind Pharma","https://scanx.trade/company/mankind-pharma-ltd","2,172.50","-0.43%","2,176.45","3,174","89,671.78","50.78","17.47","2,998.45","2,090.10","-3.52%","-11.72%","-23.91%","52.56%","52.56%","5.89","-","20.28%","13.33%","48.99","2,262.04","2,416.24","43.84","75.00%","-"
"Havells","https://scanx.trade/company/havells-india-ltd","1,420.00","0.33%","1,419.05","21,802","89,063.31","60.77","3.54","1,727.10","1,360.05","-1.49%","-5.66%","-14.01%","28.69%","56.30%","10.24","0.71%","17.06%","22.51%","22.20","1,445.82","1,515.72","47.47","78.00%","-"
"Dabur India","https://scanx.trade/company/dabur-india-ltd","495.65","1.37%","489.00","44,606","87,912.95","48.70","85.80","576.80","420.05","-4.19%","0.33%","-2.05%","-11.66%","-6.27%","7.91","1.63%","17.58%","20.32%","10.60","507.48","501.36","43.88","78.00%","-"
"Info Edge","https://scanx.trade/company/naukri-info-edge-ltd","1,342.00","-1.22%","1,350.00","5,021","87,018.04","53.17","40.63","1,838.99","1,151.45","0.93%","2.02%","-23.10%","71.18%","42.71%","1.81","0.44%","1.88%","4.80%","53.82","1,354.35","1,387.98","45.83","75.95%","-"
"PB FinTech","https://scanx.trade/company/policy-bazaar-ltd","1,867.00","-1.84%","1,899.55","20,566","85,743.33","190.59","39.80","2,254.95","1,312.10","2.66%","10.64%","-11.31%","311.91%","55.21%","13.00","-","-8.90%","6.22%","2.28","1,817.71","1,761.19","50.27","70.00%","-"
"Waaree Energies","https://scanx.trade/company/waaree-energies-ltd","2,980.00","-0.12%","2,963.85","58,061","85,610.39","30.62","3.54","3,864.40","1,808.65","-6.10%","-9.09%","7.33%","27.52%","27.52%","7.47","-","-","24.78%","-","3,206.77","3,003.80","42.76","50.00%","-"
"One 97 Communications","https://scanx.trade/company/paytm-ltd","1,294.70","-1.22%","1,309.00","60,612","82,687.76","-137.68","40.63","1,381.75","652.30","-2.01%","15.75%","26.79%","145.58%","-17.23%","5.46","-","-13.67%","-4.12%","-","1,305.78","1,069.91","47.38","68.53%","-"
"JSW Energy","https://scanx.trade/company/jsw-energy-ltd","469.85","-0.28%","470.45","59,786","82,118.90","36.90","10.15","673.05","419.10","-3.82%","-11.11%","-27.08%","63.91%","586.92%","2.83","0.42%","8.21%","5.73%","11.18","499.16","512.71","41.36","72.61%","-"
"Hitachi Energy","https://scanx.trade/company/abb-power-products-systems-ltd","18,275.00","-0.49%","18,489.10","3,609","81,455.99","114.13","3.54","22,837.45","8,738.05","-17.19%","-5.00%","27.30%","452.27%","1,304.69%","17.86","0.03%","12.04%","13.08%","40.53","19,723.45","17,946.60","37.00","50.00%","-"
"SBI Cards","https://scanx.trade/company/sbi-cards-ltd","849.15","-0.06%","846.00","51,294","80,800.39","42.15","-4.58","1,023.05","663.20","-3.51%","-1.70%","26.76%","8.14%","1.01%","5.47","0.29%","19.93%","20.03%","25.33","878.46","881.98","42.06","76.00%","-"
"GE Vernova T&D","https://scanx.trade/company/ge-td-india-ltd","3,145.80","2.31%","3,060.10","34,600","80,547.12","85.60","3.54","3,323.70","1,252.85","9.21%","5.26%","50.04%","74.45%","74.45%","37.74","0.16%","-0.14%","44.57%","11.22","2,984.87","2,452.04","59.22","60.00%","-"
"NTPC Green Energy","https://scanx.trade/company/ntpc-green-energyltd","93.73","-1.39%","95.85","3,73,148","78,979.99","132.01","10.15","134.00","84.60","-1.28%","-3.62%","-27.06%","-23.24%","-23.24%","4.27","-","-","3.47%","-","96.01","101.95","53.00","70.00%","-"
"NHPC","https://scanx.trade/company/nhpc-ltd","78.60","2.42%","76.80","4,49,790","78,953.97","21.44","10.15","92.30","71.01","2.44%","-8.50%","-1.32%","99.75%","241.74%","1.87","2.49%","8.28%","6.14%","3.60","80.04","83.41","53.32","75.25%","-"
"Bajaj Housing Finance","https://scanx.trade/company/bajaj-housing-finance-ltd","94.20","-","94.05","6,01,803","78,490.59","33.29","16.44","137.00","92.15","-10.37%","-15.55%","-26.15%","-42.91%","-42.91%","3.71","-","-","8.84%","-","102.99","114.59","26.02","70.00%","-"
"L&T Finance","https://scanx.trade/company/lt-finance-holdings-ltd","302.85","0.98%","299.35","4,82,052","75,708.56","27.82","-4.58","315.25","129.15","-2.95%","23.69%","122.19%","84.89%","246.59%","2.85","0.91%","9.85%","10.60%","9.93","293.11","221.10","53.91","75.00%","-"
"Nykaa","https://scanx.trade/company/nykaa-ltd","263.60","1.84%","258.40","2,66,005","75,402.20","719.03","39.99","273.20","154.90","-1.38%","13.94%","62.87%","67.05%","-28.33%","53.38","-","1.78%","12.91%","0.14","257.22","220.98","61.25","75.00%","-"
"Rail Vikas Nigam","https://scanx.trade/company/rail-vikas-nigam-ltd","360.10","-2.04%","370.90","15,78,562","75,081.57","67.45","-2.81","501.55","295.25","11.14%","5.37%","-11.98%","425.31%","1,472.49%","8.02","0.47%","19.39%","14.76%","6.98","324.44","353.96","63.59","67.60%","-"
"AU Small Finance Bank","https://scanx.trade/company/au-small-finance-bank-ltd","992.50","0.63%","987.90","43,490","74,030.40","33.89","9.55","1,007.65","479.00","3.88%","34.44%","71.45%","49.32%","134.09%","4.06","0.10%","38.28%","16.45%","23.05","927.70","762.13","66.48","76.00%","-"
"UNO Minda","https://scanx.trade/company/minda-industries-ltd","1,281.00","0.90%","1,261.10","12,581","73,774.17","62.32","174.46","1,381.95","768.10","-1.85%","-0.34%","23.66%","145.31%","534.85%","11.76","0.18%","17.56%","19.22%","15.45","1,264.04","1,126.33","53.23","70.00%","-"
"NMDC","https://scanx.trade/company/nmdc-ltd","83.41","3.18%","80.84","30,50,996","73,332.55","10.12","-96.54","84.08","59.56","12.81%","11.17%","24.59%","109.15%","211.70%","2.19","4.08%","24.47%","29.74%","20.82","76.10","71.89","68.71","75.15%","-"
"Dixon Technologies","https://scanx.trade/company/dixon-technologies-ltd","11,792.75","-0.56%","11,859.15","70,897","71,362.25","42.16","10.23","18,698.00","11,825.00","-19.23%","-29.28%","-34.76%","200.82%","339.87%","17.71","0.07%","19.86%","41.33%","72.30","14,445.85","15,460.10","24.35","70.00%","-"
"Suzlon Energy","https://scanx.trade/company/suzlon-ltd","52.02","-1.40%","52.78","41,49,524","71,311.71","22.64","3.54","74.30","46.00","-3.65%","-5.91%","-15.41%","414.03%","852.75%","9.16","-","262.69%","24.15%","0.68","54.80","58.79","40.85","50.00%","-"
"Bharat Forge","https://scanx.trade/company/bharat-forge-ltd","1,457.00","0.83%","1,439.45","11,704","69,657.51","64.05","21.23","1,470.00","919.10","1.62%","19.75%","11.69%","65.95%","178.51%","7.38","0.59%","12.70%","16.45%","22.02","1,382.41","1,240.73","63.06","76.00%","-"
"IDFC First Bank","https://scanx.trade/company/idfc-first-bank-ltd","84.81","0.32%","84.32","13,87,445","69,136.74","50.62","9.55","85.94","52.50","5.84%","21.98%","32.91%","49.58%","131.09%","1.38","0.25%","9.12%","5.55%","3.82","80.82","71.44","61.81","76.00%","-"
"Aurobindo Pharma","https://scanx.trade/company/aurobindo-pharma-ltd","1,190.05","-0.75%","1,190.00","7,890","69,118.30","20.36","17.47","1,364.95","994.35","-2.77%","9.36%","-8.48%","172.45%","31.71%","1.99","-","10.62%","15.74%","61.22","1,179.18","1,141.55","47.62","76.00%","-"
"Indian Overseas Bank","https://scanx.trade/company/indian-overseas-bank-ltd","35.78","5.76%","34.08","10,35,541","68,900.08","14.77","9.71","54.45","33.01","-7.76%","-7.04%","-29.23%","13.95%","236.91%","2.11","-","9.67%","5.53%","1.49","38.11","38.60","45.94","64.04%","-"
"Jindal Stainless","https://scanx.trade/company/jsl-jindal-stainless-ltd","836.30","5.19%","791.00","1,02,436","68,891.85","23.69","23.17","825.25","497.00","8.51%","13.40%","21.84%","270.78%","944.72%","3.63","0.38%","17.41%","17.24%","30.84","771.89","703.98","70.25","70.00%","-"
"Lloyds Metals & Energy","https://scanx.trade/company/lloyds-metals-energy-ltd","1,292.00","-6.92%","1,387.95","84,043","68,017.11","40.75","-96.54","1,613.40","943.25","5.83%","2.84%","6.33%","452.96%","12,692.08%","9.18","0.07%","44.22%","26.34%","26.73","1,287.88","1,341.45","48.26","50.00%","-"
"Prestige Estates Projects","https://scanx.trade/company/prestige-estate-ltd","1,575.70","-0.76%","1,598.35","9,180","67,870.16","81.01","-2.81","1,812.40","1,048.30","-6.01%","3.66%","-6.06%","248.57%","487.40%","4.32","0.11%","10.40%","8.96%","33.42","1,684.06","1,548.44","37.42","72.15%","-"
"GIC of India","https://scanx.trade/company/general-insurance-corporation-of-india-ltd","384.60","4.00%","370.75","72,195","67,474.22","6.77","-4.58","476.00","345.05","-0.70%","5.75%","-13.52%","129.34%","174.13%","0.96","2.70%","14.56%","-53.04%","40.52","381.39","389.77","56.42","64.68%","-"
"Yes Bank","https://scanx.trade/company/yes-bank-ltd","21.37","0.05%","21.37","82,16,368","67,039.53","23.73","9.55","24.30","16.02","-6.80%","1.57%","9.42%","6.05%","20.53%","1.36","-","3.05%","5.95%","0.46","22.37","20.36","37.78","70.00%","-"
"Oil India","https://scanx.trade/company/oil-india-ltd","411.80","1.35%","406.20","65,895","66,983.71","9.95","-126.44","494.45","322.15","-0.22%","-1.28%","-2.09%","197.26%","460.50%","1.17","2.83%","23.55%","11.77%","51.54","417.83","416.17","51.99","72.79%","-"
"Coromandel International","https://scanx.trade/company/coromandel-international-ltd","2,265.50","-4.25%","2,385.00","43,643","66,814.38","29.31","33.66","2,720.00","1,590.00","-4.89%","0.63%","21.12%","156.00%","166.04%","5.73","0.63%","17.37%","25.05%","49.55","2,264.35","2,266.53","44.74","69.49%","-"
"Fortis Healthcare","https://scanx.trade/company/fortis-healthcare-ltd","880.00","-0.51%","895.50","48,507","66,436.32","64.33","-80.64","1,105.00","521.05","-4.27%","-9.29%","20.41%","214.40%","462.30%","7.08","0.11%","7.54%","9.86%","8.50","946.82","839.45","41.52","75.00%","-"
"UPL","https://scanx.trade/company/upl-united-phosphorus-ltd","786.35","2.12%","769.95","62,905","66,313.93","27.42","22.81","786.00","493.00","3.62%","20.21%","57.13%","13.70%","80.28%","2.04","0.73%","-5.74%","7.50%","-","741.83","686.80","64.70","76.00%","-"
"Oracle Financial Services Software","https://scanx.trade/company/oracle-financial-services-software-ltd","7,614.00","-0.99%","7,618.65","8,634","66,174.44","28.20","32.91","13,203.60","7,057.70","-6.10%","-9.93%","-41.39%","154.13%","136.94%","9.08","3.44%","28.24%","36.86%","269.28","8,174.64","8,471.19","33.31","75.09%","-"
"Phoenix Mills","https://scanx.trade/company/phoenix-mills-ltd","1,849.40","-0.09%","1,846.30","4,882","66,132.93","47.10","-2.81","1,870.80","1,403.00","6.49%","19.46%","10.29%","166.34%","387.93%","6.13","0.14%","13.29%","10.43%","61.08","1,744.55","1,609.79","71.19","73.22%","-"
"Federal Bank","https://scanx.trade/company/federal-bank-ltd","267.80","1.84%","263.25","5,38,919","65,885.75","16.00","9.55","271.00","172.95","3.82%","40.84%","33.73%","94.76%","297.03%","1.79","0.46%","12.70%","6.45%","16.45","248.56","211.73","66.75","76.00%","-"
"Indusind Bank","https://scanx.trade/company/indusind-bank-ltd","841.55","0.24%","839.40","65,443","65,563.14","-86.10","9.55","1,086.50","605.40","-1.95%","16.19%","-12.69%","-31.63%","-7.89%","1.01","-","14.20%","5.98%","115.87","827.24","793.27","50.56","70.00%","-"
"Alkem Laboratories","https://scanx.trade/company/alkem-laboratories-ltd","5,427.70","-1.31%","5,490.00","12,718","64,896.30","27.28","17.47","5,867.50","4,498.90","-4.52%","0.38%","-2.45%","80.60%","85.54%","4.93","0.82%","16.91%","19.29%","179.80","5,620.41","5,228.47","35.83","78.00%","-"
"Bank of India","https://scanx.trade/company/bank-of-india-ltd","141.95","1.61%","139.80","2,20,143","64,625.12","6.59","9.71","151.35","90.00","-3.47%","19.44%","40.68%","64.77%","187.35%","0.85","2.90%","9.28%","5.62%","15.14","141.89","121.80","51.31","70.00%","-"
"MRF","https://scanx.trade/company/mrf-ltd","1,52,000.00","2.17%","1,48,400.05","581","64,465.37","34.04","35.08","1,63,500.00","1,00,500.00","-0.27%","4.04%","15.95%","73.54%","100.97%","3.25","0.16%","12.46%","13.78%","4,866.72","1,55,193.77","1,42,751.10","47.41","73.50%","-"
"Torrent Power","https://scanx.trade/company/torrent-power-ltd","1,268.30","-1.11%","1,272.45","7,446","63,910.09","21.19","10.15","1,640.00","1,188.00","-3.50%","3.54%","-10.00%","155.55%","299.72%","3.44","1.48%","15.05%","14.83%","47.61","1,297.44","1,362.91","44.78","73.97%","-"
"Vishal Mega Mart","https://scanx.trade/company/vishal-mega-mart-ltd","134.55","-1.25%","135.95","23,29,599","62,849.22","86.23","39.99","157.75","96.05","-0.92%","-8.84%","28.53%","20.19%","20.19%","9.23","-","-","13.04%","-","138.05","132.46","46.77","65.00%","-"
"Adani Total Gas","https://scanx.trade/company/adani-gas-ltd","564.05","-0.19%","565.20","46,391","62,034.79","99.32","40.63","797.40","533.00","-6.97%","-10.42%","-25.33%","-85.20%","50.63%","13.79","0.04%","18.64%","15.92%","6.27","603.09","624.82","30.73","70.30%","-"
"Berger Paints","https://scanx.trade/company/berger-paints-ltd","526.50","-3.32%","537.90","86,393","61,384.36","58.75","42.75","604.60","437.80","-6.95%","1.87%","17.43%","8.11%","-14.96%","10.11","0.70%","21.71%","24.17%","10.01","552.17","547.68","36.86","72.37%","-"
"Abbott","https://scanx.trade/company/abbott-india-ltd","28,595.00","-1.10%","28,970.00","1,147","60,762.38","40.72","46.86","35,921.55","25,260.20","-4.90%","-3.54%","-4.02%","31.73%","81.80%","15.32","1.64%","32.48%","42.09%","583.05","29,136.10","30,897.00","48.53","73.15%","-"
"JSW Infrastructure","https://scanx.trade/company/jswinfra.ltd","286.20","0.97%","282.20","40,253","60,102.04","37.00","40.63","348.95","218.10","5.80%","-11.30%","-10.42%","81.95%","81.95%","5.83","0.28%","14.10%","13.30%","5.37","279.93","298.28","60.54","60.00%","-"
"Oberoi Realty","https://scanx.trade/company/oberoi-realty-ltd","1,642.00","-1.62%","1,668.85","38,692","59,703.49","27.18","-2.81","2,342.95","1,440.05","-0.26%","2.53%","-27.70%","93.29%","200.48%","3.63","0.48%","13.92%","16.69%","60.22","1,688.34","1,689.37","45.98","75.70%","-"
"Godrej Properties","https://scanx.trade/company/godrej-properties-ltd","1,981.90","-0.77%","1,997.10","5,132","59,696.09","39.11","-2.81","2,846.80","1,869.50","-6.23%","-0.80%","-29.82%","62.85%","41.10%","3.29","-","7.25%","8.74%","40.29","2,133.12","2,141.58","37.88","73.82%","-"
"Patanjali Foods","https://scanx.trade/company/ruchi-soya-industries-ltd","546.30","0.64%","542.00","1,23,500","59,428.06","41.40","8.99","670.66","500.00","-4.06%","-8.67%","-7.58%","40.16%","141.55%","4.88","0.61%","1.75%","15.86%","25.98","568.87","588.18","44.75","75.00%","-"
"Schaeffler India","https://scanx.trade/company/schaeffler-india-ltd","3,800.00","-0.35%","3,813.35","717","59,395.39","55.96","20.13","4,392.85","2,836.55","-2.55%","-8.51%","11.83%","38.33%","311.74%","10.97","0.73%","18.71%","23.77%","58.28","3,940.92","3,881.61","42.76","69.50%","-"
"Laurus Labs","https://scanx.trade/company/laurus-labs-ltd","1,090.80","0.81%","1,077.05","39,071","58,884.10","85.67","17.47","1,092.60","504.30","5.76%","29.69%","85.65%","192.52%","215.08%","12.16","0.11%","4.09%","12.08%","2.75","999.54","803.55","74.40","75.20%","-"
"Steel Authority of India","https://scanx.trade/company/steel-authority-of-india-ltd","141.00","5.11%","134.15","26,30,171","58,240.41","21.67","23.17","145.90","99.20","4.56%","7.06%","26.12%","74.18%","118.60%","0.95","1.19%","3.98%","6.70%","9.38","134.45","127.16","65.88","73.43%","-"
"NALCO","https://scanx.trade/company/national-aluminium-company-ltd","316.70","5.29%","298.00","8,52,976","58,166.13","9.04","86.61","312.90","140.00","21.81%","55.21%","51.24%","300.89%","653.15%","2.79","3.49%","10.93%","36.82%","10.50","260.46","205.88","79.38","71.97%","-"
"Max Financial Services","https://scanx.trade/company/max-financial-services-ltd","1,661.40","0.93%","1,646.05","59,631","57,337.37","283.32","40.63","1,764.65","972.55","-2.37%","6.46%","49.21%","144.86%","144.02%","10.71","-","8.99%","6.69%","11.00","1,647.79","1,500.77","46.51","75.00%","-"
"Glenmark Pharmaceuticals","https://scanx.trade/company/glenmark-pharmaceuticals-ltd","2,029.25","1.11%","2,009.00","4,265","57,265.60","56.09","17.47","2,286.15","1,274.70","4.21%","3.59%","27.64%","381.32%","308.75%","5.91","0.12%","3.84%","15.93%","-","1,909.90","1,787.31","62.27","75.73%","-"
"M&M Financial Services","https://scanx.trade/company/mahindra-mahindra-financial-services-ltd","404.35","4.66%","385.95","4,12,344","56,203.48","21.75","-4.58","412.30","235.46","8.77%","48.41%","57.09%","81.12%","137.95%","2.17","1.49%","9.73%","8.28%","16.77","340.02","284.58","68.35","76.00%","-"
"Colgate Palmolive","https://scanx.trade/company/colgate-palmolive-ltd","2,053.25","-0.82%","2,070.15","20,866","55,845.45","42.46","47.59","2,974.80","2,062.95","-5.45%","-7.46%","-25.99%","32.72%","30.39%","35.58","2.46%","70.62%","111.07%","51.99","2,170.44","2,343.90","31.33","78.00%","-"
"Coforge","https://scanx.trade/company/coforge-ltd","1,665.00","-1.04%","1,683.45","1,08,872","55,700.34","41.91","32.91","2,003.59","1,190.84","-12.76%","7.50%","-15.35%","112.24%","210.59%","8.18","0.23%","22.42%","14.67%","114.98","1,818.74","1,710.32","30.63","75.26%","-"
"MCX","https://scanx.trade/company/multi-commodity-exchange-ltd","10,895.30","-0.39%","10,816.05","19,153","55,564.25","80.12","40.63","11,218.45","4,410.10","8.11%","37.23%","71.74%","602.42%","520.07%","26.73","0.27%","10.07%","24.11%","34.19","9,882.59","7,891.11","65.96","72.84%","-"
"Nippon Life India AMC","https://scanx.trade/company/nippon-life-india-asset-management-ltd","870.60","0.17%","862.95","42,618","55,426.47","41.49","-4.58","986.70","456.05","-0.62%","-0.06%","21.41%","247.20%","186.48%","12.63","2.06%","27.78%","38.47%","19.06","873.46","780.21","50.93","65.60%","-"
"IRCTC","https://scanx.trade/company/irctc-ltd","682.60","-2.33%","697.75","60,465","54,608.00","40.75","53.51","838.35","655.70","-0.49%","-2.46%","-11.33%","7.84%","142.19%","13.12","1.14%","34.40%","44.39%","14.87","695.16","730.76","49.20","76.00%","-"
"Bharat Dynamics","https://scanx.trade/company/bharat-dynamics-ltd","1,454.55","-1.25%","1,489.05","58,437","53,318.35","82.52","38.29","2,096.00","908.90","-3.92%","-3.02%","31.25%","209.33%","782.72%","12.80","0.32%","10.97%","10.19%","15.77","1,486.07","1,576.81","50.62","70.06%","-"
"Mphasis","https://scanx.trade/company/mphasis-ltd","2,800.00","-0.06%","2,813.00","6,303","53,273.28","29.91","32.91","3,078.50","2,025.05","-0.35%","4.64%","-4.45%","44.72%","80.37%","5.55","2.03%","17.68%","23.19%","82.67","2,820.43","2,685.67","42.90","76.00%","-"
"APL Apollo Tubes","https://scanx.trade/company/apl-apollo-tubes-ltd","1,883.10","-0.47%","1,887.95","13,344","52,281.64","50.08","23.17","1,935.00","1,273.30","9.53%","10.99%","23.86%","68.67%","359.18%","11.40","0.30%","21.36%","22.02%","26.38","1,772.44","1,696.23","71.33","76.00%","-"
"Biocon","https://scanx.trade/company/biocon-ltd","390.50","0.06%","390.10","82,517","52,208.43","68.46","17.47","424.95","290.80","-1.93%","14.80%","6.24%","49.76%","-15.22%","1.95","0.12%","5.13%","6.26%","13.00","388.72","360.57","48.94","75.63%","-"
"Tata Communications","https://scanx.trade/company/tata-communications-ltd","1,811.60","0.63%","1,790.45","70,948","51,630.60","31.10","51.60","2,004.00","1,293.00","-0.21%","12.26%","6.84%","43.31%","69.32%","18.02","1.39%","53.04%","19.88%","28.87","1,851.39","1,698.02","49.38","75.00%","-"
"Hindustan Copper","https://scanx.trade/company/hindustan-copper-ltd","532.95","9.33%","484.90","1,58,58,443","51,537.55","83.04","-96.54","545.95","183.90","62.98%","66.78%","114.29%","389.62%","750.68%","15.81","0.30%","14.18%","21.26%","3.74","358.92","278.99","88.29","70.91%","-"
"Authum Inv & Infr","https://scanx.trade/company/authum-investment-infra-ltd","2,997.75","4.14%","2,862.70","36,974","50,915.31","12.19","-4.58","3,308.00","1,333.00","10.58%","-0.37%","75.09%","1,280.18%","17,349.07%","3.00","0.02%","125.98%","25.88%","304.68","2,804.60","2,569.38","64.49","50.00%","-"
"Motilal Oswal Financial Services","https://scanx.trade/company/motilal-oswal-financial-services-ltd","845.05","-1.30%","857.55","73,429","50,737.63","25.36","-4.58","1,097.00","487.85","-11.94%","-7.70%","-12.23%","388.86%","458.60%","4.00","0.58%","27.89%","25.66%","46.83","942.03","853.35","39.29","61.83%","-"
"Linde","https://scanx.trade/company/linde-india-ltd","5,913.10","-0.18%","5,903.95","1,706","50,429.41","98.48","200.61","7,865.05","5,202.45","-0.90%","-4.77%","1.49%","73.99%","502.58%","12.64","0.20%","12.52%","15.21%","52.52","5,941.40","6,391.42","48.63","67.17%","-"
"Tube Investment","https://scanx.trade/company/tube-invest-of-india-ltd","2,575.50","-0.87%","2,598.30","8,553","49,835.38","48.17","23.17","3,694.80","2,400.05","-7.37%","-16.92%","-27.22%","-6.36%","222.62%","6.69","0.13%","17.60%","15.90%","34.13","2,864.02","2,938.44","31.47","74.32%","-"
"Kalyan Jewellers","https://scanx.trade/company/kalyan-jewellers-ltd","482.30","-0.87%","483.05","1,06,069","49,800.01","54.00","12.57","794.60","399.20","-4.59%","7.43%","-35.24%","281.26%","540.50%","9.41","0.31%","14.24%","20.89%","6.12","493.97","516.91","47.14","70.00%","-"
"PI Industries","https://scanx.trade/company/pi-industries-ltd","3,190.55","-1.38%","3,227.55","3,653","48,406.42","32.45","22.81","4,329.00","2,952.05","-6.06%","-8.62%","-14.55%","-6.63%","44.20%","4.53","0.50%","19.26%","20.62%","115.17","3,451.94","3,691.83","31.23","76.00%","-"
"360 One WAM","https://scanx.trade/company/360-one-wam-ltd","1,192.50","1.85%","1,160.70","81,238","48,259.10","42.13","-4.58","1,317.25","766.05","0.96%","15.78%","-6.26%","170.72%","377.78%","5.08","0.50%","23.31%","14.83%","25.49","1,134.36","1,066.75","61.38","72.72%","-"
"L&T Technology Services","https://scanx.trade/company/lt-technology-services-ltd","4,450.80","-1.47%","4,521.05","2,243","47,169.10","37.55","32.91","5,647.35","3,855.00","0.28%","11.57%","-6.34%","21.64%","87.92%","7.74","1.22%","24.43%","27.01%","123.42","4,347.12","4,326.39","47.31","70.34%","-"
"Bank of Maharashtra","https://scanx.trade/company/bank-of-maharashtra-ltd","60.46","4.67%","57.80","18,32,237","46,503.14","7.30","9.71","61.55","38.11","3.24%","10.13%","18.18%","102.89%","359.07%","1.51","2.60%","20.49%","5.10%","6.33","58.26","54.43","64.23","60.00%","-"
"Hexaware Technologies","https://scanx.trade/company/hexaware-technologies-ltd","757.70","2.89%","738.60","8,095","46,131.26","32.20","32.91","900.15","592.95","0.14%","12.17%","-0.81%","-0.81%","-0.81%","7.75","1.18%","-","26.56%","-","729.65","751.66","52.79","65.00%","-"
"Radico Khaitan","https://scanx.trade/company/radico-khaitan-ltd","3,370.80","3.42%","3,244.45","25,131","45,124.06","95.36","42.44","3,695.00","1,846.10","5.14%","16.97%","30.54%","242.37%","654.43%","14.66","0.12%","10.75%","17.41%","20.28","3,231.16","2,798.99","61.44","69.04%","-"
"HUDCO","https://scanx.trade/company/housing-urban-development-corporation-ltd","224.25","-1.10%","227.25","2,54,858","44,892.61","16.20","-183.67","254.20","158.90","-6.37%","1.72%","-0.77%","330.42%","463.44%","2.52","1.83%","11.02%","8.50%","11.13","226.45","222.76","54.08","69.35%","-"
"Voltas","https://scanx.trade/company/voltas-ltd","1,348.90","-2.25%","1,376.00","6,848","44,633.04","84.77","70.66","1,859.65","1,135.55","-1.99%","-1.96%","-23.82%","68.49%","65.73%","7.17","0.51%","4.24%","17.53%","13.81","1,375.41","1,346.29","43.74","76.00%","-"
"Balkrishna Industries","https://scanx.trade/company/balkrishna-industries-ltd","2,301.05","-0.22%","2,306.05","2,783","44,483.25","32.32","35.08","2,929.95","2,157.20","-0.30%","0.53%","-19.26%","9.57%","47.54%","4.27","0.69%","16.62%","20.30%","84.30","2,331.78","2,458.47","43.85","76.00%","-"
"United Breweries","https://scanx.trade/company/united-breweries-ltd","1,608.60","-0.68%","1,606.35","2,043","42,532.21","116.77","42.44","2,299.40","1,574.45","-4.90%","-10.38%","-20.92%","-5.19%","40.12%","9.86","0.62%","9.82%","13.92%","16.92","1,721.75","1,897.04","32.30","73.05%","-"
"JK Cement","https://scanx.trade/company/jk-cement-ltd","5,502.00","-4.19%","5,703.00","5,163","42,512.99","42.88","30.76","7,565.00","4,225.00","-4.42%","-12.92%","20.36%","88.02%","187.59%","6.85","0.26%","14.84%","13.32%","111.10","5,778.70","5,904.96","43.25","71.78%","-"
"Cochin Shipyard","https://scanx.trade/company/cochin-shipyard-ltd","1,611.20","-1.53%","1,640.00","36,783","42,387.58","56.68","40.63","2,547.25","1,180.45","-3.30%","-9.02%","1.85%","502.36%","778.28%","7.56","0.60%","6.88%","19.01%","32.65","1,689.78","1,744.05","45.83","0.00%","-"
"Supreme Industries","https://scanx.trade/company/supreme-industries-ltd","3,310.00","1.31%","3,270.05","2,681","42,045.89","48.95","28.48","4,812.70","3,020.00","-2.39%","-21.39%","-29.18%","35.00%","97.98%","7.25","1.04%","20.94%","21.37%","88.76","3,588.53","3,933.05","39.98","74.61%","-"
"Petronet LNG","https://scanx.trade/company/petronet-lng-ltd","280.10","0.57%","281.05","96,720","42,015.00","11.39","40.63","349.20","263.70","3.05%","0.56%","-19.09%","30.67%","13.26%","1.98","3.59%","20.26%","23.63%","26.26","275.69","289.41","58.24","76.00%","-"
"P&G Hygiene and Health Care","https://scanx.trade/company/procter-gamble-hygiene-health-care-ltd","12,864.00","-1.44%","13,043.00","1,480","41,757.49","51.26","47.59","15,499.00","12,140.15","0.92%","-9.45%","-14.61%","-10.70%","16.22%","45.49","1.34%","71.68%","102.67%","229.57","13,029.72","13,483.84","47.91","73.50%","-"
"KEI Industries","https://scanx.trade/company/kei-industries-ltd","4,363.70","-0.72%","4,400.35","3,976","41,696.29","53.15","22.19","4,574.65","2,443.70","5.27%","7.60%","0.37%","201.06%","803.83%","6.79","0.09%","18.44%","16.86%","67.58","4,133.26","3,745.49","60.71","70.00%","-"
"Godfrey Phillips","https://scanx.trade/company/godfrey-phillips-india-ltd","2,663.20","-4.46%","2,775.50","35,071","41,541.06","34.60","19.09","3,945.00","1,371.65","-7.27%","-24.12%","66.72%","317.68%","717.81%","7.46","1.14%","20.86%","26.74%","172.61","2,942.77","2,932.21","34.43","57.79%","-"
"Escorts Kubota","https://scanx.trade/company/escorts-ltd","3,712.25","-0.36%","3,703.30","2,101","41,531.82","17.70","27.11","4,171.35","2,828.75","-2.72%","7.28%","13.61%","73.45%","192.57%","3.51","0.75%","11.44%","12.88%","95.23","3,685.72","3,466.16","52.33","70.60%","-"
"ITC Hotels","https://scanx.trade/company/itc-hotels-ltd","197.00","0.28%","195.55","76,745","41,029.58","55.18","282.29","261.35","158.00","-5.67%","-14.85%","10.30%","10.30%","10.30%","3.71","-","-","7.87%","-","206.63","214.66","44.58","70.00%","-"
"Dalmia Bharat","https://scanx.trade/company/dalmia-bharat-ltd","2,160.00","0.11%","2,153.80","3,961","40,514.07","35.53","1,099.75","2,495.95","1,602.00","7.50%","-3.03%","21.93%","16.51%","104.53%","2.29","0.42%","5.17%","4.86%","49.19","2,056.99","2,102.50","65.77","75.00%","-"
"GlaxoSmithKline Pharmaceuticals","https://scanx.trade/company/glaxosmithkline-pharmaceuticals-ltd","2,389.35","-3.52%","2,459.50","9,557","40,477.03","43.92","46.86","3,515.95","1,924.30","-6.91%","-10.15%","9.18%","78.16%","50.67%","24.57","2.18%","33.19%","57.25%","45.47","2,564.64","2,844.44","28.50","66.81%","-"
"Page Industries","https://scanx.trade/company/page-industries-ltd","35,960.00","-0.97%","36,311.80","611","40,109.33","53.00","24.75","50,470.60","35,307.25","-6.25%","-12.56%","-23.44%","-16.80%","30.19%","28.74","2.48%","35.64%","62.78%","516.64","38,668.95","43,436.96","33.16","78.00%","-"
"Gujarat Fluorochemicals","https://scanx.trade/company/gujarat-fluorochemicals-ltd","3,631.75","-0.60%","3,640.00","2,119","39,894.77","59.02","200.61","4,320.00","3,100.00","5.90%","-1.16%","-12.04%","15.02%","541.09%","5.27","0.08%","23.97%","10.64%","31.12","3,557.79","3,651.41","58.96","68.88%","-"
"Container Corporation of India","https://scanx.trade/company/container-corporation-of-india-ltd","519.00","-0.15%","522.25","53,303","39,527.97","30.13","40.63","652.52","481.32","1.49%","-0.84%","-16.77%","-10.89%","63.23%","3.10","1.77%","10.36%","13.49%","20.90","519.09","555.31","57.01","76.00%","-"
"3M India","https://scanx.trade/company/3m-india-ltd","34,982.45","1.83%","34,322.05","675","39,407.97","63.33","29.72","36,958.00","25,714.35","0.66%","21.33%","14.72%","58.82%","65.08%","18.03","1.56%","27.17%","35.84%","542.46","34,032.86","30,728.99","53.62","72.24%","-"
"IREDA","https://scanx.trade/company/ireda-ltd","136.95","-1.26%","138.90","3,25,179","38,472.42","22.63","-183.67","234.35","129.10","-4.13%","-8.06%","-37.28%","128.29%","128.29%","3.02","-","11.56%","8.35%","1.29","143.69","155.05","46.59","70.02%","-"
"Premier Energies","https://scanx.trade/company/premier-energies-ltd","853.00","-0.50%","857.00","96,354","38,451.05","32.52","39.99","1,384.00","755.55","-12.54%","-16.41%","-36.14%","1.59%","1.59%","11.24","0.06%","-","34.93%","-","979.79","1,005.22","31.12","60.00%","-"
"Poonawalla Fincorp","https://scanx.trade/company/poonawalla-fincorp-ltd","483.00","1.41%","475.05","79,216","37,635.78","177.72","-4.58","570.40","267.25","0.58%","-3.63%","53.24%","57.87%","1,035.14%","3.92","-","20.22%","5.68%","15.74","470.88","434.01","61.36","74.56%","-"
"Narayana Hrudayalaya","https://scanx.trade/company/narayana-hrudayalaya-ltd","1,829.70","-1.54%","1,876.55","28,073","37,391.90","44.92","-80.64","2,371.60","1,257.65","-5.94%","3.21%","43.65%","141.08%","314.76%","9.35","0.24%","27.37%","17.82%","39.47","1,865.20","1,822.41","41.99","69.67%","-"
"Jubilant FoodWorks","https://scanx.trade/company/jubilant-foodworks-ltd","557.95","-0.93%","556.00","50,526","36,816.06","97.44","282.29","796.75","548.55","-7.19%","-8.09%","-22.34%","9.34%","3.22%","17.14","0.21%","17.86%","12.94%","4.12","587.22","642.39","38.03","76.00%","-"
"Astral","https://scanx.trade/company/astral-poly-technik-ltd","1,360.80","-0.76%","1,376.00","11,254","36,555.81","72.98","28.48","1,673.50","1,232.00","-5.47%","-0.54%","-18.00%","-7.71%","50.83%","9.76","0.27%","16.69%","19.01%","20.35","1,453.05","1,420.08","36.24","76.00%","-"
"AIA Engineering","https://scanx.trade/company/aia-engineering-ltd","3,914.90","2.27%","3,766.00","9,781","36,533.99","31.70","21.23","3,999.60","3,000.60","1.52%","27.64%","15.16%","51.81%","95.71%","4.85","0.42%","18.53%","19.72%","119.04","3,647.78","3,337.37","58.08","73.00%","-"
"UCO Bank","https://scanx.trade/company/uco-bank-ltd","28.87","1.19%","28.55","6,12,918","36,201.71","14.48","9.71","46.34","26.83","-6.21%","-3.25%","-31.89%","-6.27%","125.55%","1.29","1.37%","6.08%","5.32%","1.67","30.64","31.01","41.51","50.00%","-"
"Endurance Technologies","https://scanx.trade/company/endurance-technologies-ltd","2,562.45","-0.32%","2,558.35","976","36,044.15","40.95","174.46","3,078.95","1,555.65","-3.04%","-6.37%","20.14%","81.99%","96.24%","5.78","0.39%","13.67%","17.70%","51.25","2,727.17","2,530.93","39.99","69.10%","-"
"Thermax","https://scanx.trade/company/thermax-ltd","3,013.05","0.21%","3,000.00","3,132","35,902.39","60.71","3.54","4,439.45","2,744.20","3.15%","-3.87%","-23.20%","57.36%","232.58%","7.09","0.47%","14.49%","15.64%","50.82","3,012.51","3,307.41","59.70","66.41%","-"
"IPCA Laboratories","https://scanx.trade/company/ipca-laboratories-ltd","1,387.65","-3.22%","1,434.20","16,579","35,205.27","42.61","17.47","1,757.65","1,200.00","-4.51%","5.13%","-16.64%","63.08%","27.99%","4.90","0.28%","6.85%","12.97%","23.14","1,385.89","1,389.43","43.31","70.25%","-"
"NLC India","https://scanx.trade/company/nlc-india-ltd","253.45","-1.15%","256.50","50,911","35,144.30","13.03","10.15","292.35","185.85","4.28%","-11.04%","7.99%","194.54%","361.66%","1.78","1.17%","8.09%","9.82%","14.49","250.72","243.38","58.40","64.70%","-"
"Blue Star","https://scanx.trade/company/blue-star-ltd","1,703.00","-1.61%","1,729.15","51,332","35,016.20","65.17","70.66","2,419.95","1,521.20","-3.54%","-10.47%","-20.11%","184.66%","330.13%","11.44","0.52%","15.86%","25.16%","24.34","1,816.16","1,823.58","36.13","74.31%","-"
"Tata Investment Corporation","https://scanx.trade/company/tata-investment-corporation-ltd","690.35","-1.34%","700.10","42,079","34,928.46","100.68","-4.58","1,184.00","514.72","-7.37%","-21.89%","2.14%","229.40%","587.67%","1.11","0.39%","1.28%","1.06%","72.98","757.93","705.54","32.61","67.00%","80.00%"
"Cholamandalam Financial Holdings","https://scanx.trade/company/cholamandalam-financial-holdings-ltd","1,819.90","-1.33%","1,844.55","48,589","34,173.62","7.03","-4.58","2,299.00","1,360.90","-1.43%","-5.85%","27.04%","222.16%","232.43%","2.53","0.07%","17.35%","9.82%","103.82","1,895.14","1,881.91","43.30","66.43%","-"
"Ajanta Pharma","https://scanx.trade/company/ajanta-pharma-ltd","2,705.70","0.71%","2,687.20","6,174","33,803.83","34.48","24.90","3,091.65","2,022.05","5.86%","11.75%","-8.50%","125.52%","142.92%","7.78","1.05%","22.88%","30.11%","67.81","2,558.97","2,586.00","60.68","68.72%","-"
"Apar Industries","https://scanx.trade/company/apar-industries-ltd","8,379.10","-2.28%","8,511.30","3,648","33,657.43","36.66","3.54","11,797.35","4,270.00","-8.43%","0.25%","-16.25%","376.22%","2,287.55%","7.10","0.59%","21.29%","30.72%","206.69","8,845.83","7,901.89","37.14","62.23%","-"
"Central Bank of India","https://scanx.trade/company/central-bank-of-india-ltd","37.05","1.31%","36.54","3,84,913","33,535.44","7.21","9.71","56.40","32.81","-3.49%","1.31%","-29.44%","17.81%","166.55%","0.96","0.51%","8.25%","5.19%","3.59","37.95","37.86","49.28","64.52%","-"
"NBCC","https://scanx.trade/company/nbcc-ltd","121.95","-0.12%","121.65","7,49,481","32,926.50","53.55","40.63","130.60","70.82","4.50%","13.45%","38.06%","384.51%","518.09%","12.34","0.55%","13.09%","26.58%","3.11","113.94","108.01","63.82","69.79%","-"
"Godrej Industries","https://scanx.trade/company/godrej-industries-ltd","967.35","-2.69%","994.20","11,050","32,580.65","17.20","200.61","1,391.50","764.45","-7.89%","-18.95%","-20.08%","124.89%","124.42%","3.22","-","3.94%","10.53%","6.07","1,048.43","1,141.13","28.95","65.77%","-"
"ACC","https://scanx.trade/company/acc-ltd","1,733.30","0.43%","1,725.90","20,794","32,549.17","9.71","30.76","2,123.30","1,722.05","-6.30%","-4.28%","-15.94%","-29.22%","7.27%","1.63","0.44%","14.31%","16.38%","107.42","1,822.56","1,872.89","33.55","76.00%","-"
"Motherson Sumi Wiring","https://scanx.trade/company/motherson-sumi-wiring-ltd","48.91","4.26%","45.96","28,30,732","32,435.46","50.99","174.46","50.50","30.71","7.07%","5.21%","26.51%","26.81%","63.80%","16.89","0.50%","38.07%","43.19%","1.50","46.63","41.96","62.58","60.00%","-"
"Tata Elxsi","https://scanx.trade/company/tata-elxsi-ltd","5,192.55","-2.32%","5,301.30","12,561","32,345.72","49.38","39.80","6,966.00","4,601.05","0.69%","-2.04%","-24.96%","-16.97%","180.07%","12.25","1.41%","36.00%","52.73%","126.48","5,268.99","5,661.30","48.31","76.00%","-"
"Go Digit General Insurance","https://scanx.trade/company/go-digit-general-insurance-ltd","346.50","1.04%","343.60","3,291","31,992.72","62.35","-4.58","380.70","264.80","-3.17%","1.54%","6.62%","13.33%","13.33%","6.84","-","5.31%","-3.88%","2.45","351.53","338.06","49.06","60.00%","-"
"KPIT Technologies","https://scanx.trade/company/kpit-technologies-ltd","1,166.40","-1.80%","1,182.65","19,574","31,976.13","42.14","39.80","1,500.00","1,020.60","-4.56%","-3.56%","-20.63%","62.53%","785.31%","9.97","0.71%","27.67%","35.48%","24.17","1,200.17","1,241.39","41.29","73.78%","-"
"Aster DM Healthcare","https://scanx.trade/company/aster-dm-healthcare-ltd","611.85","0.04%","603.05","58,286","31,701.24","86.88","-80.64","732.00","386.15","-8.08%","-1.84%","17.89%","164.30%","272.40%","7.57","0.79%","4.07%","10.39%","2.47","657.75","593.56","41.68","60.00%","-"
"Apollo Tyres","https://scanx.trade/company/apollo-tyres-ltd","496.10","-0.11%","496.10","42,581","31,507.36","39.80","35.08","540.50","368.00","-3.44%","6.49%","-7.62%","51.92%","174.47%","2.03","1.01%","12.39%","9.99%","26.73","513.77","472.97","39.91","71.32%","-"
"KPR Mill","https://scanx.trade/company/kpr-mill-ltd","920.25","-3.62%","947.50","1,18,686","31,455.43","38.97","24.75","1,395.40","758.80","-14.71%","-16.45%","-7.72%","77.24%","427.15%","6.10","0.52%","18.48%","21.45%","23.57","1,032.47","1,058.98","29.29","60.00%","-"
"Navin Fluorine International","https://scanx.trade/company/navin-fluorine-international-ltd","6,128.85","4.06%","5,865.00","20,983","31,383.25","67.96","200.61","6,220.00","3,183.20","6.86%","34.66%","90.54%","50.82%","134.24%","8.38","0.12%","11.35%","11.70%","44.02","5,757.77","4,899.30","59.72","70.28%","-"
"AWL Agri Business","https://scanx.trade/company/adani-wilmar-ltd","239.80","0.97%","238.90","1,36,991","31,166.29","28.48","8.99","337.00","231.55","-7.47%","-8.16%","-27.22%","-60.37%","-9.58%","3.12","-","2.05%","21.70%","4.57","259.36","262.41","36.52","60.00%","-"
"Global Health","https://scanx.trade/company/global-health-ltd","1,156.00","0.12%","1,163.25","6,584","31,072.17","55.27","-80.64","1,455.85","995.05","-7.20%","-12.40%","7.18%","147.94%","178.12%","8.37","-","13.43%","17.18%","17.97","1,229.69","1,261.57","40.15","60.00%","-"
"CRISIL","https://scanx.trade/company/crisil-ltd","4,215.90","-2.09%","4,252.00","3,539","30,830.88","42.03","40.63","6,955.40","3,893.85","-4.79%","-8.02%","-29.59%","40.66%","121.99%","11.18","1.30%","30.08%","32.65%","88.88","4,585.25","4,933.00","35.30","68.94%","-"
"Exide Industries","https://scanx.trade/company/exide-industries-ltd","357.85","-1.09%","360.45","45,417","30,417.25","38.70","174.46","432.15","327.95","-4.54%","-7.96%","-13.06%","101.95%","86.87%","2.09","0.55%","6.84%","8.57%","10.29","376.26","382.52","36.20","76.00%","-"
"Delhivery","https://scanx.trade/company/delhivery-ltd","402.50","-0.67%","400.65","31,062","30,083.46","219.03","40.63","489.95","236.80","-5.59%","-8.54%","15.83%","20.96%","-25.08%","3.18","-","-2.72%","2.66%","-","429.89","393.69","42.07","75.00%","-"
"Sona BLW Precision Forgings","https://scanx.trade/company/sona-blw-precision-forgings-ltd","478.90","0.30%","482.25","48,016","29,774.22","48.92","174.46","607.15","379.80","-6.38%","18.25%","-20.06%","14.82%","31.98%","5.20","0.67%","18.49%","13.84%","9.41","488.48","475.04","43.88","75.15%","-"
"LIC Housing Finance","https://scanx.trade/company/lic-housing-finance-ltd","536.00","-0.50%","538.15","11,913","29,483.38","5.37","16.44","646.60","483.50","-2.38%","-5.51%","-9.22%","28.72%","47.50%","0.77","1.86%","15.12%","9.65%","86.33","554.72","577.13","44.35","76.00%","-"
"Honeywell Automation","https://scanx.trade/company/honeywell-automation-ltd","33,033.00","0.21%","32,963.45","92","29,206.20","56.46","30.46","43,799.90","31,501.70","-7.05%","-8.49%","-20.69%","-19.50%","-10.63%","6.96","0.32%","13.90%","17.18%","604.64","35,142.69","36,462.73","30.53","72.09%","-"
"SJVN","https://scanx.trade/company/sjvn-ltd","73.20","0.10%","73.06","2,86,653","28,766.10","51.50","10.15","112.40","69.82","-6.00%","-18.72%","-29.31%","112.79%","189.33%","1.97","2.00%","9.81%","4.47%","2.35","80.01","91.49","40.06","71.64%","-"
"Inventurus Knowledge Solutions","https://scanx.trade/company/inventurus-knowledge-solutions-ltd","1,666.85","0.37%","1,651.70","1,990","28,598.67","46.75","39.80","2,023.95","1,226.15","-0.79%","10.80%","-12.94%","-14.97%","-14.97%","12.72","-","-","27.50%","-","1,632.84","1,575.16","50.45","65.00%","-"
"J B Chemicals and Pharmaceuticals","https://scanx.trade/company/jb-chemicals-pharmaceuticals-ltd","1,812.90","0.74%","1,800.05","3,393","28,389.33","39.24","17.47","1,916.85","1,303.00","2.39%","6.01%","-2.70%","87.53%","257.10%","7.41","0.86%","18.90%","-","37.83","1,766.75","1,691.13","57.24","70.43%","-"
"ZF Commercial","https://scanx.trade/company/wabco-india-ltd","14,881.00","0.86%","14,555.80","1,125","28,225.66","57.94","174.46","15,805.00","9,566.75","12.72%","19.39%","24.89%","70.05%","163.17%","8.20","0.13%","14.57%","18.66%","214.21","13,661.50","13,294.03","57.75","68.36%","-"
"Aegis Vopak Terminals","https://scanx.trade/company/aegis-vopak-terminalsltd","253.90","2.67%","243.05","29,887","28,131.90","151.72","40.63","302.00","220.00","-2.57%","0.81%","4.94%","4.94%","4.94%","5.78","-","-","6.14%","-","263.87","-","48.09","60.00%","-"
"Ather Energy","https://scanx.trade/company/ather-energy-ltd","732.35","2.04%","715.65","3,03,843","27,754.08","-35.81","11.61","790.00","287.30","1.93%","26.08%","142.10%","142.10%","142.10%","10.06","-","-","-75.66%","-","685.52","-","63.34","50.00%","-"
"Garden Reach Shipbuilders","https://scanx.trade/company/garden-reach-shipbuilders-ltd","2,414.55","-2.79%","2,490.00","1,21,913","27,659.15","46.16","40.63","3,535.00","1,180.10","-13.55%","-3.16%","47.44%","406.46%","1,124.42%","12.39","0.56%","16.14%","32.36%","32.11","2,583.73","2,473.06","44.94","0.00%","-"
"Gland Pharma","https://scanx.trade/company/gland-pharma-ltd","1,678.10","1.71%","1,644.00","5,878","27,647.78","34.39","24.90","2,130.00","1,200.00","-4.62%","-16.57%","-5.86%","6.09%","-28.56%","2.84","1.09%","8.85%","11.44%","43.83","1,791.35","1,763.75","40.97","69.35%","-"
"TVS Holdings","https://scanx.trade/company/tvs-holdings-ltd","13,576.00","-1.94%","13,800.85","1,074","27,467.10","9.71","-4.58","16,150.00","7,755.00","-5.56%","5.69%","29.17%","151.93%","151.93%","5.08","0.67%","25.49%","15.27%","445.96","14,714.13","11,952.82","34.79","50.00%","-"
"PTC Industries","https://scanx.trade/company/ptc-industries-ltd","18,067.45","-5.86%","19,438.95","2,841","27,072.49","463.23","21.23","19,397.80","9,786.30","-0.50%","18.86%","33.84%","606.30%","5,536.92%","20.31","-","8.42%","5.96%","24.81","17,692.48","15,236.19","50.95","50.00%","-"
"Gujarat Gas","https://scanx.trade/company/gujarat-gas-ltd","390.25","0.12%","389.20","8,800","26,864.42","24.03","40.63","517.50","360.60","-1.40%","-8.24%","-21.69%","-18.38%","2.62%","3.08","1.49%","21.75%","16.33%","17.68","402.09","433.14","42.86","70.67%","-"
"Indraprastha Gas","https://scanx.trade/company/indraprastha-gas-ltd","191.25","-1.92%","194.90","1,29,370","26,775.03","17.15","40.63","229.20","172.00","-4.11%","-7.47%","-6.04%","-5.90%","-25.16%","2.43","3.59%","20.67%","19.46%","27.78","201.09","204.37","44.22","73.97%","-"
"Gillette","https://scanx.trade/company/gillette-india-ltd","8,196.25","-1.74%","8,345.00","1,039","26,707.66","47.36","47.59","11,505.00","7,413.00","-5.58%","-13.72%","-13.75%","65.08%","40.84%","23.38","1.34%","35.97%","49.54%","118.90","8,532.19","9,260.02","45.90","69.43%","-"
"Emcure Pharmaceuticals","https://scanx.trade/company/emcure-pharmaceuticals-(employee)ltd","1,403.00","-0.12%","1,399.20","5,067","26,588.02","32.49","17.47","1,524.85","890.00","-0.84%","10.23%","-3.72%","3.25%","3.25%","5.61","0.21%","16.90%","20.62%","26.63","1,382.19","1,284.84","51.14","60.00%","-"
"Asahi India Glass","https://scanx.trade/company/asahi-india-glass-ltd","1,035.15","7.59%","966.05","33,209","26,388.79","79.38","31.31","1,072.95","576.60","1.55%","18.09%","36.28%","100.32%","281.62%","6.63","0.20%","13.95%","13.02%","12.43","985.59","827.24","57.17","60.00%","-"
"Kaynes Technology India","https://scanx.trade/company/kaynes-technology-ltd","3,936.30","-1.28%","3,988.20","68,319","26,386.85","70.59","30.46","7,824.95","3,713.75","-28.31%","-44.17%","-45.19%","426.91%","470.40%","5.71","-","9.91%","15.98%","32.73","5,508.02","5,875.51","29.34","69.50%","-"
"Star Health Insurance","https://scanx.trade/company/star-health-insurance-ltd","447.70","1.36%","441.80","24,113","26,322.52","48.75","-4.58","533.90","330.05","-8.29%","1.90%","-7.08%","-22.74%","-50.63%","3.49","-","9.40%","-15.32%","14.96","481.54","438.51","34.74","60.00%","-"
"Nuvama Wealth Management","https://scanx.trade/company/nuvama-wealth-management-ltd","1,457.20","-0.17%","1,450.20","18,861","26,276.41","25.89","-4.58","1,702.00","913.56","-2.31%","15.86%","6.00%","184.15%","184.15%","7.04","1.96%","21.55%","23.65%","203.79","1,451.25","1,368.15","50.95","50.00%","-"
"Manappuram Finance","https://scanx.trade/company/manappuram-finance-ltd","309.80","-0.16%","308.95","1,51,816","26,222.55","61.81","-4.58","318.80","169.10","8.74%","9.68%","63.96%","178.10%","86.29%","2.07","1.29%","18.98%","10.79%","26.55","282.51","262.46","69.95","73.96%","-"
"Syngene International","https://scanx.trade/company/syngene-international-ltd","644.85","-1.44%","653.00","4,798","25,983.55","56.30","40.63","895.85","598.55","-0.62%","4.89%","-25.08%","11.72%","7.61%","5.57","0.19%","11.98%","13.20%","11.85","645.84","656.69","48.17","76.00%","-"
"Tata Technologies","https://scanx.trade/company/tata-technologies-ltd","639.10","-1.85%","649.20","34,962","25,929.04","38.10","39.80","912.65","595.05","-5.88%","-5.54%","-28.45%","-51.37%","-51.37%","7.41","1.80%","21.09%","23.64%","16.02","673.12","692.63","36.76","75.00%","-"
"HBL Engineering","https://scanx.trade/company/hbl-power-systems-ltd","933.50","0.95%","925.60","1,79,471","25,876.15","40.05","174.46","1,121.95","404.30","5.24%","14.94%","52.26%","37.98%","37.98%","12.91","0.11%","10.35%","24.90%","11.84","911.32","705.26","63.24","61.74%","-"
"Force Motors","https://scanx.trade/company/force-motors-ltd","19,840.95","4.48%","19,039.60","13,435","25,858.54","23.23","766.77","21,999.95","6,128.55","11.43%","17.27%","206.74%","1,324.90%","1,359.91%","7.14","0.21%","17.20%","37.08%","330.24","17,520.80","14,908.74","74.21","50.00%","-"
"Anand Rathi Wealth","https://scanx.trade/company/anand-rathi-wealth-ltd","3,103.00","0.51%","3,087.50","12,817","25,761.30","74.32","-4.58","3,323.85","1,586.05","7.37%","10.47%","57.30%","786.62%","963.58%","31.70","0.45%","34.14%","54.40%","58.61","3,012.28","2,474.20","66.12","60.00%","-"
"IIFL Finance","https://scanx.trade/company/iifl-finance-ltd","600.00","1.00%","593.00","77,477","25,499.44","24.64","-4.58","607.40","280.95","3.65%","36.64%","45.44%","28.56%","447.65%","1.95","-","15.76%","8.01%","38.34","551.84","460.73","64.90","71.28%","-"
"IRB Infrastructure Developers","https://scanx.trade/company/irb-infrastructure-developers-ltd","42.17","1.27%","41.56","6,64,449","25,466.46","3.82","-2.81","60.94","40.54","-1.68%","3.28%","-24.20%","45.82%","284.41%","1.23","0.72%","5.38%","17.25%","1.01","43.05","45.52","49.05","72.55%","-"
"The New India Assurance Company","https://scanx.trade/company/the-new-india-assurance-co-ltd","152.95","-0.03%","152.35","67,967","25,206.16","21.70","-4.58","214.75","135.05","-10.42%","-18.45%","-23.33%","32.48%","17.20%","0.88","1.18%","4.09%","-4.80%","6.65","172.91","179.15","33.05","63.68%","-"
"Affle 3i","https://scanx.trade/company/affle-india-ltd","1,782.40","1.37%","1,758.00","9,249","25,067.71","58.98","39.80","2,186.80","1,221.05","7.36%","-9.05%","-0.75%","65.57%","135.07%","7.60","-","16.73%","16.04%","22.65","1,750.38","1,801.01","60.01","60.00%","-"
"Mangalore Refinery & Petroleum","https://scanx.trade/company/mrpl-mangalore-refinery-petroleum-ltd","142.65","-1.07%","142.90","58,104","25,000.82","24.40","12.52","185.00","98.95","-9.63%","6.22%","0.46%","157.49%","315.89%","1.90","-","27.08%","5.08%","15.18","158.62","140.67","34.09","63.33%","-"
"PNB Housing Finance","https://scanx.trade/company/pnb-housing-finance-ltd","950.85","1.84%","940.00","53,146","24,770.46","11.32","16.44","1,141.85","746.10","5.01%","9.31%","9.01%","128.52%","217.60%","1.35","0.53%","10.07%","9.27%","61.35","908.58","938.02","58.72","73.81%","-"
"Ramco Cements","https://scanx.trade/company/ramco-cements-ltd","1,048.00","-0.79%","1,043.55","1,695","24,763.44","67.54","1,099.75","1,206.60","788.75","1.02%","5.04%","9.62%","49.85%","34.54%","3.30","0.19%","5.43%","6.48%","13.66","1,028.98","1,021.76","53.27","72.46%","-"
"Aegis Logistics","https://scanx.trade/company/aegis-logistics-ltd","705.00","-1.06%","713.00","11,005","24,745.50","27.89","39.99","1,035.70","610.50","-7.66%","-4.70%","-13.45%","110.67%","145.90%","4.21","1.12%","15.07%","11.67%","16.66","763.68","769.41","30.90","61.35%","-"
"Sagility","https://scanx.trade/company/sagility-india-ltd","52.19","-0.08%","52.31","15,66,692","24,431.85","30.54","39.80","57.90","37.61","4.30%","21.54%","-1.73%","77.76%","77.76%","2.75","-","-","8.91%","-","50.28","44.84","58.37","60.00%","-"
"Dr. Lal Path Labs","https://scanx.trade/company/dr-lal-pathlabs-ltd","1,456.70","1.90%","1,436.00","19,842","24,407.16","44.37","-80.64","1,771.30","1,147.55","-4.58%","-7.00%","-1.77%","27.52%","25.92%","10.03","0.84%","19.22%","27.96%","45.65","1,513.62","1,483.91","48.52","71.39%","-"
"Himadri Speciality Chemical","https://scanx.trade/company/himadri-speciality-chemical-ltd","489.15","1.42%","476.90","1,16,750","24,156.65","37.30","200.61","606.55","351.40","11.60%","9.06%","-16.69%","384.31%","1,028.37%","5.54","0.12%","13.50%","21.01%","9.06","462.24","462.11","64.31","64.83%","-"
"Krishna Institute of Medical Sciences","https://scanx.trade/company/krishna-institute-of-medical-sciences-ltd","602.70","-1.74%","611.40","10,421","24,116.37","69.00","-80.64","798.00","474.55","-12.05%","-14.07%","0.14%","95.38%","218.30%","10.81","-","16.05%","13.23%","39.48","682.78","685.00","24.29","65.00%","-"
"Aditya Birla Sun Life AMC","https://scanx.trade/company/aditya-birla-sun-life-amc-ltd","826.80","4.28%","789.70","59,989","23,866.31","23.58","-4.58","911.60","562.45","12.34%","6.43%","-0.81%","83.22%","18.17%","6.42","3.02%","24.63%","32.26%","28.86","764.30","764.97","71.88","68.33%","-"
"Deepak Nitrite","https://scanx.trade/company/deepak-nitrite-ltd","1,742.55","-0.55%","1,750.00","14,288","23,767.17","44.95","200.61","2,579.75","1,512.80","11.80%","-4.94%","-30.66%","-11.85%","89.16%","4.33","0.43%","16.81%","14.43%","59.06","1,665.91","1,851.24","67.43","60.00%","-"
"Bandhan Bank","https://scanx.trade/company/bandhan-bank-ltd","145.85","-0.17%","146.10","2,63,674","23,496.02","19.17","9.55","192.45","128.15","-2.96%","-10.05%","-8.30%","-38.21%","-64.69%","0.96","1.03%","10.32%","7.35%","15.97","153.08","162.99","45.32","59.47%","-"
"Shyam Metalics & Energy","https://scanx.trade/company/shyam-metalics-energy-ltd","831.60","1.66%","818.10","2,426","23,212.60","23.57","23.17","1,000.90","655.00","2.22%","-8.52%","15.77%","171.81%","121.26%","2.07","0.55%","11.24%","11.83%","39.63","842.85","882.82","54.84","68.34%","-"
"Emami","https://scanx.trade/company/emami-ltd","528.60","-0.55%","520.85","4,17,906","23,073.39","30.78","85.80","655.40","499.00","-0.30%","-4.56%","-10.68%","26.22%","24.89%","7.92","1.88%","29.46%","32.79%","17.04","528.18","571.79","51.21","68.66%","-"
"Sumitomo Chemical","https://scanx.trade/company/sumitomo-chemical-ltd","462.00","-0.52%","464.65","9,774","23,060.53","42.68","22.81","665.00","432.25","-0.82%","-13.14%","-13.68%","-1.80%","57.28%","7.25","0.26%","15.13%","22.88%","8.71","473.08","527.34","50.04","60.00%","-"
"Firstsource Solutions","https://scanx.trade/company/firstsource-solutions-ltd","328.10","-3.51%","339.25","31,182","22,868.27","35.91","39.80","422.80","272.40","-4.83%","0.60%","-12.96%","222.77%","215.63%","5.49","1.16%","13.91%","16.17%","7.43","346.56","350.96","37.21","64.77%","-"
"Sun TV Network","https://scanx.trade/company/sun-tv-network-ltd","579.30","0.36%","576.90","29,526","22,829.32","14.06","11.15","701.15","506.20","4.22%","9.84%","-15.13%","19.42%","19.25%","1.84","2.60%","18.40%","18.95%","48.03","558.98","587.48","59.85","71.72%","-"
"Piramal Pharma","https://scanx.trade/company/piramal-pharma-ltd","171.20","-0.98%","174.15","99,994","22,756.73","-960.56","17.47","273.20","165.05","-8.62%","-10.69%","-35.48%","50.28%","-10.72%","2.85","0.08%","0.23%","7.02%","0.30","186.73","199.92","37.94","72.62%","-"
"EIH Hotels","https://scanx.trade/company/eih-hotels-ltd","363.70","-0.05%","363.20","4,91,615","22,744.50","32.78","282.29","434.95","293.45","-2.79%","-0.64%","-9.12%","115.65%","308.42%","4.84","0.41%","16.58%","19.87%","10.16","378.53","376.44","39.89","68.20%","-"
"Jyoti CNC Automation","https://scanx.trade/company/jyoti-cnc-automation-ltd","994.00","1.45%","982.65","20,809","22,605.86","64.38","38.29","1,416.05","750.20","-1.80%","15.30%","-27.47%","129.48%","129.48%","12.17","-","18.35%","25.44%","9.47","951.02","1,020.91","57.98","50.00%","-"
"Pfizer","https://scanx.trade/company/pfizer-ltd","4,928.55","-0.57%","4,955.15","1,016","22,547.00","27.02","46.86","5,987.65","3,742.90","-0.85%","0.31%","-8.46%","9.63%","-4.26%","5.89","3.33%","15.33%","23.60%","131.73","5,081.54","5,023.17","35.99","71.85%","-"
"Timken","https://scanx.trade/company/timken-india-ltd","2,989.35","0.32%","2,910.10","2,080","22,485.51","49.28","20.13","3,575.65","2,200.00","-5.21%","-0.13%","-1.37%","-4.44%","141.28%","8.10","1.21%","16.22%","19.12%","52.95","3,058.97","3,006.09","41.99","68.29%","-"
"Wockhardt","https://scanx.trade/company/wockhardt-ltd","1,378.50","-3.21%","1,423.05","65,230","22,399.55","-453.55","17.47","1,870.00","1,109.60","11.75%","-11.95%","-2.79%","514.03%","193.34%","5.07","-","-12.89%","3.91%","-","1,351.85","1,455.86","49.81","59.62%","-"
"AstraZeneca Pharma","https://scanx.trade/company/astrazeneca-pharma-india-ltd","8,896.00","-1.50%","9,068.50","1,134","22,240.00","113.38","46.86","10,653.05","6,301.00","-1.68%","0.11%","21.40%","169.76%","95.99%","28.26","0.35%","22.69%","19.36%","52.40","9,160.51","8,859.65","41.12","60.00%","-"
"City Union Bank","https://scanx.trade/company/city-union-bank-ltd","298.10","-0.03%","300.40","1,08,504","22,090.67","18.32","9.55","301.00","144.00","10.14%","41.88%","72.76%","67.52%","65.43%","2.23","0.67%","12.09%","6.36%","14.22","263.13","212.34","69.26","69.87%","-"
"Amber Enterprises","https://scanx.trade/company/amber-enterprises-india-ltd","6,269.15","-3.39%","6,549.95","5,920","22,035.40","99.55","30.46","8,625.00","5,238.45","-12.85%","-23.81%","-14.69%","229.50%","163.29%","6.26","-","6.59%","14.95%","47.37","7,241.50","7,157.68","30.36","69.46%","-"
"CESC","https://scanx.trade/company/cesc-ltd","165.40","0.39%","164.80","78,744","21,924.93","14.40","10.15","192.30","119.00","-3.08%","2.00%","-10.64%","115.22%","173.21%","1.72","2.75%","12.08%","9.56%","10.61","172.77","166.02","41.20","74.93%","-"
"Angel One","https://scanx.trade/company/angel-broking-ltd","2,369.90","-1.65%","2,409.55","67,063","21,487.55","27.98","-4.58","3,283.00","1,942.00","-12.32%","11.55%","-19.09%","77.73%","603.55%","3.77","1.98%","37.04%","33.08%","132.93","2,601.87","2,553.55","34.36","69.05%","-"
"eClerx Services","https://scanx.trade/company/eclerx-eclerx-services-ltd","4,473.25","-3.18%","4,581.45","3,552","21,315.20","35.81","39.80","4,953.25","2,116.00","-1.69%","10.41%","28.04%","248.97%","637.87%","8.39","0.02%","28.50%","27.85%","105.67","4,555.69","3,754.34","45.26","67.08%","-"
"Brigade Enterprises","https://scanx.trade/company/brigade-enterprises-ltd","870.95","-0.77%","874.05","3,268","21,293.25","26.39","-2.81","1,332.35","812.85","-2.74%","-1.89%","-29.00%","85.07%","257.68%","3.31","0.28%","11.27%","12.78%","21.49","928.12","996.47","42.75","67.19%","-"
"Inox Wind","https://scanx.trade/company/inox-wind-ltd","121.80","-2.25%","124.45","2,19,775","21,049.94","41.53","3.54","198.14","118.35","-9.44%","-12.34%","-31.80%","350.44%","731.97%","3.30","-","-29.66%","12.30%","0.66","138.33","154.76","31.41","67.59%","-"
"Redington","https://scanx.trade/company/redington-ltd","268.45","0.11%","268.15","2,66,116","20,986.73","11.01","39.99","334.90","181.25","-4.53%","-8.02%","42.38%","47.82%","302.90%","2.33","2.54%","15.75%","27.87%","15.55","276.78","267.95","41.38","64.86%","-"
"Welspun Corp","https://scanx.trade/company/welspun-corp-ltd","792.80","-4.21%","829.95","46,806","20,898.75","10.09","23.17","994.60","665.70","-7.36%","-6.29%","-1.50%","250.49%","505.42%","2.66","0.60%","4.11%","28.96%","45.48","855.67","857.99","40.68","65.52%","-"
"Aadhar Housing Finance","https://scanx.trade/company/aadhar-housing-finance-ltd","482.35","1.29%","479.55","12,158","20,890.23","20.91","16.44","547.75","340.50","0.22%","-5.63%","11.27%","46.37%","46.37%","3.00","-","14.73%","10.34%","18.84","493.39","479.72","46.37","60.00%","-"
"Eris Lifesciences","https://scanx.trade/company/eris-lifesciences-ltd","1,505.30","-1.41%","1,527.05","22,702","20,504.23","46.32","24.90","1,909.55","1,130.05","-5.64%","-4.57%","9.12%","136.55%","159.04%","6.73","0.48%","16.85%","12.74%","27.95","1,587.57","1,596.22","38.06","68.93%","-"
"Bayer Crop Science","https://scanx.trade/company/bayer-crop-science-ltd","4,550.00","0.33%","4,521.60","3,335","20,448.65","33.47","33.47","6,539.95","4,220.05","-2.08%","-7.27%","-17.02%","-7.10%","-16.81%","6.53","2.75%","25.99%","23.97%","148.24","4,609.06","5,170.79","55.10","70.34%","-"
"Cohance Lifesciences","https://scanx.trade/company/suven-pharmaceuticals-ltd","530.20","-0.39%","532.70","12,050","20,283.71","64.99","17.47","1,328.20","518.00","-6.05%","-39.31%","-53.57%","7.75%","14.75%","5.38","-","14.64%","13.36%","9.45","635.42","921.08","30.39","60.00%","-"
"Onesource Specialty Pharma","https://scanx.trade/company/onesource-specialty-pharma-ltd","1,756.05","-0.48%","1,768.30","5,601","20,111.20","505.62","17.47","2,249.65","1,163.05","14.11%","-1.96%","3.14%","3.14%","3.14%","3.42","-","-","1.54%","-","1,721.45","1,789.19","59.47","60.00%","-"
"Kalpataru Projects International","https://scanx.trade/company/kalpataru-power-transmission-ltd","1,166.20","-2.34%","1,194.30","7,661","19,915.49","25.22","17.92","1,340.95","770.05","-2.79%","-4.77%","-8.72%","121.63%","121.63%","2.93","0.75%","10.09%","16.19%","30.04","1,217.33","1,152.76","44.46","66.87%","-"
"Credit Access Grameen","https://scanx.trade/company/creditaccess-grameen-ltd","1,235.50","-3.39%","1,275.05","8,511","19,749.34","153.15","-4.58","1,489.10","750.05","-7.51%","-7.54%","36.00%","37.06%","57.91%","2.86","-","22.01%","9.69%","93.77","1,335.83","1,243.89","38.14","63.87%","-"
"KEC International","https://scanx.trade/company/kec-international-ltd","732.95","-0.24%","739.70","14,264","19,511.13","28.63","17.92","1,242.60","605.05","6.90%","-12.30%","-38.81%","45.15%","98.77%","3.47","0.75%","8.47%","23.37%","15.25","750.16","804.87","53.19","64.72%","-"
"DCM Shriram Consolidated","https://scanx.trade/company/dcm-shriram-consolidated-ltd","1,246.75","0.13%","1,211.55","532","19,442.11","27.21","27.21","1,501.70","904.55","2.10%","7.49%","14.28%","44.47%","221.20%","2.69","0.73%","6.86%","11.19%","31.47","1,237.47","1,192.05","52.90","66.49%","-"
"Neuland Laboratories","https://scanx.trade/company/neuland-laboratories-ltd","14,990.00","0.37%","15,023.05","1,480","19,232.00","79.79","40.11","19,748.40","10,060.00","-13.56%","3.94%","8.44%","787.51%","1,228.25%","11.83","0.08%","23.39%","20.69%","249.83","16,469.88","13,887.78","35.93","36.00%","-"
"Sai Life Sciences","https://scanx.trade/company/sai-life-sciences-ltd","914.05","3.16%","890.35","19,379","19,126.43","65.34","24.90","943.00","635.30","3.29%","3.50%","22.56%","19.44%","19.44%","8.25","-","-","12.52%","-","889.07","813.21","57.18","65.00%","-"
"Tata Chemicals","https://scanx.trade/company/tata-chemicals-ltd","748.65","-1.65%","757.30","29,875","19,072.33","48.48","200.61","1,060.40","745.20","-6.48%","-19.12%","-27.40%","-19.41%","55.00%","0.87","1.45%","1.94%","3.43%","29.55","818.94","883.02","33.02","76.00%","-"
"Bikaji Foods International","https://scanx.trade/company/bikaji-foods-international-ltd","757.40","-0.37%","764.75","14,393","18,979.89","93.39","17.80","820.85","520.00","5.49%","4.41%","-2.08%","78.15%","138.59%","12.71","0.13%","13.30%","16.94%","11.29","725.77","731.70","63.82","60.00%","-"
"Chalet Hotels","https://scanx.trade/company/chalet-hotels-ltd","867.65","-0.31%","869.95","1,885","18,974.24","32.92","282.29","1,080.00","643.65","-1.97%","-9.50%","-11.44%","153.14%","376.86%","5.57","-","15.03%","12.21%","11.47","902.69","904.75","43.58","68.91%","-"
"Gujarat Mineral Development Corporation","https://scanx.trade/company/gujarat-mineral-development-corporation-ltd","595.75","-0.21%","592.90","4,57,915","18,944.85","18.92","-96.54","651.45","226.20","10.46%","-1.23%","87.43%","311.43%","1,069.28%","2.82","1.69%","20.97%","12.42%","18.32","548.79","439.03","65.63","62.20%","-"
"Chambal Fertilisers & Chemicals","https://scanx.trade/company/chambal-fertilisers-chemicals-ltd","472.80","-0.51%","474.90","1,24,994","18,942.84","10.22","33.66","742.45","410.15","7.48%","-7.08%","-3.54%","55.35%","100.00%","1.94","2.10%","17.58%","24.43%","34.58","460.16","546.42","64.61","73.76%","-"
"RBL Bank","https://scanx.trade/company/rbl-bank-ltd","308.80","1.50%","302.75","2,08,517","18,930.08","34.69","9.55","331.80","146.00","-1.09%","11.06%","96.88%","75.01%","32.67%","1.16","0.32%","8.49%","5.64%","21.30","312.10","252.35","53.97","57.29%","-"
"KFin Technologies","https://scanx.trade/company/kfin-technologies-ltd","1,088.60","-0.60%","1,081.10","16,922","18,752.53","54.62","40.63","1,640.00","783.90","3.02%","2.41%","-30.56%","199.07%","199.07%","12.91","0.68%","21.56%","28.63%","15.80","1,085.37","1,118.82","53.80","68.53%","-"
"Anant Raj","https://scanx.trade/company/anant-raj-industries-ltd","544.60","1.76%","537.60","1,03,470","18,693.97","39.04","-2.81","947.25","366.15","-5.52%","-22.05%","-36.23%","416.45%","1,873.19%","3.50","0.13%","7.18%","10.57%","8.81","586.68","555.99","45.68","50.00%","-"
"Castrol","https://scanx.trade/company/castrol-india-ltd","188.45","-0.89%","189.80","1,23,197","18,640.01","19.27","200.61","252.00","162.80","-1.90%","-3.75%","-2.31%","52.28%","54.53%","10.34","6.84%","40.73%","53.57%","8.95","191.33","205.44","49.63","67.54%","-"
"EID Parry","https://scanx.trade/company/eid-parry-ltd","1,032.90","-2.40%","1,046.50","5,353","18,371.30","8.61","-169.88","1,246.45","639.30","0.18%","1.95%","17.91%","83.09%","209.58%","2.18","-","14.43%","20.21%","49.62","1,037.50","1,005.53","48.69","68.09%","-"
"Sarda Energy & Minerals","https://scanx.trade/company/sarda-energy-minerals-ltd","517.60","0.58%","516.05","20,019","18,239.25","17.03","25.07","639.95","397.10","5.75%","-6.49%","6.73%","416.41%","1,523.59%","2.59","0.29%","17.24%","12.51%","15.69","513.40","503.70","53.53","50.00%","-"
"Aditya Birla Real Estate","https://scanx.trade/company/century-textile-and-industries-ltd","1,632.90","-1.06%","1,650.00","5,914","18,238.79","-82.85","-2.81","2,551.00","1,564.80","-7.88%","-2.34%","-33.90%","-39.28%","-39.28%","4.88","0.12%","7.45%","-1.54%","21.24","1,735.48","1,922.65","38.24","64.39%","-"
"CAMS","https://scanx.trade/company/cams-ltd","732.15","-0.83%","738.10","79,361","18,119.39","39.84","40.63","1,057.60","606.00","-5.50%","-3.33%","-27.90%","65.70%","99.05%","15.03","1.96%","38.33%","49.51%","78.32","769.74","778.19","38.00","74.00%","-"
"TBO Tek","https://scanx.trade/company/tbo-tek-ltd","1,650.00","-1.32%","1,679.40","1,091","17,916.98","75.83","53.51","1,844.55","985.70","-0.14%","11.85%","-5.63%","17.45%","17.45%","13.10","-","36.82%","21.62%","19.78","1,633.70","1,412.82","47.42","60.00%","-"
"Atul","https://scanx.trade/company/atul-ltd","6,051.00","-1.61%","6,164.50","941","17,815.21","32.22","200.61","7,793.00","4,882.00","3.05%","0.49%","-11.60%","-27.45%","-5.25%","3.06","0.41%","6.28%","11.71%","112.61","5,902.37","6,375.61","55.61","70.29%","-"
"Kirloskar Oil Engines","https://scanx.trade/company/kirloskar-oil-engines-ltd","1,224.10","-0.13%","1,219.15","21,105","17,782.44","36.17","59.81","1,329.10","544.15","8.88%","32.91%","20.36%","288.79%","852.61%","5.28","0.53%","16.53%","16.14%","33.13","1,100.26","910.03","55.88","60.00%","-"
"Godawari Power & Ispat","https://scanx.trade/company/godawari-power-ispat-ltd","262.85","2.56%","255.85","1,75,801","17,600.88","23.05","25.07","290.00","145.55","11.73%","5.44%","31.85%","255.92%","1,075.01%","2.99","0.85%","20.10%","21.98%","72.91","253.29","216.91","62.82","60.00%","-"
"Devyani International","https://scanx.trade/company/devyani-international-ltd","142.60","-0.18%","141.20","1,01,506","17,567.43","-386.08","282.29","209.65","122.70","5.20%","-16.07%","-22.10%","-22.71%","15.61%","11.34","-","-0.72%","6.57%","0.66","145.17","162.79","55.10","60.00%","-"
"Netweb Technologies","https://scanx.trade/company/netweb-technologies-ltd","3,096.00","0.58%","3,071.90","18,268","17,540.04","129.33","9.25","4,480.00","1,278.85","-5.90%","-13.64%","14.19%","240.03%","240.03%","30.14","0.08%","17.95%","29.28%","15.30","3,413.07","2,470.54","41.63","50.00%","-"
"Capri Global Capital","https://scanx.trade/company/capri-global-capital-ltd","181.50","3.04%","180.25","2,03,251","17,453.68","23.64","-4.58","231.70","150.60","-3.76%","-3.02%","-1.89%","0.48%","155.45%","2.54","0.10%","5.74%","9.96%","3.53","190.96","178.69","45.96","50.00%","-"
"Poly Medicure","https://scanx.trade/company/poly-medicure-ltd","1,695.10","-2.57%","1,748.15","6,784","17,175.72","48.72","-80.64","2,936.70","1,737.85","-12.92%","-12.38%","-36.62%","89.14%","223.86%","6.04","0.20%","14.44%","16.46%","28.09","1,894.47","2,098.55","25.37","50.00%","-"
"Craftsman Automation","https://scanx.trade/company/craftsman-automation-ltd","7,150.00","1.58%","7,000.60","14,367","17,056.74","69.92","174.46","7,519.00","3,700.00","1.72%","6.65%","33.26%","119.68%","398.95%","5.54","0.07%","19.26%","10.28%","118.71","6,891.68","6,086.15","54.88","66.99%","-"
"Choice International","https://scanx.trade/company/choice-international-ltd","827.50","1.19%","820.90","55,596","17,017.99","96.55","-4.58","841.00","438.00","2.37%","4.52%","53.71%","561.47%","3,090.05%","11.62","-","12.46%","20.17%","6.86","791.90","718.37","63.62","50.00%","-"
"Jubilant Pharmova","https://scanx.trade/company/jubilant-life-sciences-ltd","1,068.20","1.79%","1,049.50","3,094","17,014.41","35.24","40.11","1,250.00","823.70","-2.14%","0.63%","-2.35%","183.98%","25.87%","2.54","0.48%","1.34%","11.53%","14.96","1,099.32","1,065.26","47.44","65.08%","-"
"Triveni Turbines","https://scanx.trade/company/triveni-turbines-ltd","532.50","-2.14%","540.45","17,575","16,927.12","50.43","3.54","793.10","455.15","-0.78%","2.52%","-27.96%","105.60%","551.77%","13.31","0.74%","25.33%","38.63%","9.07","534.07","553.82","47.95","50.00%","-"
"Schneider Electric Infra","https://scanx.trade/company/schneider-electric-infrastructure-ltd","706.00","-1.59%","717.60","17,433","16,880.74","66.30","3.54","1,055.00","516.70","-1.40%","-16.80%","-8.54%","341.53%","756.28%","26.06","-","58.08%","35.47%","7.90","774.07","774.19","39.91","-","-"
"BASF","https://scanx.trade/company/basf-india-ltd","3,869.00","-1.15%","3,777.00","1,080","16,747.21","45.16","200.61","5,680.00","3,790.50","-6.98%","-12.39%","-30.29%","38.96%","136.97%","4.47","0.51%","17.47%","17.25%","129.85","4,215.85","4,609.92","32.91","66.45%","-"
"Gujarat State Petronet","https://scanx.trade/company/gujarat-state-petronet-ltd","294.20","0.32%","290.05","21,606","16,599.10","10.73","40.63","387.00","261.55","2.37%","-2.81%","-17.15%","14.36%","34.71%","1.39","1.71%","18.46%","13.15%","29.39","298.37","311.40","51.30","69.42%","-"
"Allied Blenders & Distillers","https://scanx.trade/company/allied-blenders-distillers-ltd","593.35","-1.40%","602.05","19,692","16,596.60","66.06","42.44","719.95","278.90","-9.25%","16.07%","39.91%","86.68%","86.68%","10.80","0.60%","0.39%","23.22%","0.70","629.43","482.43","37.81","60.00%","-"
"Alembic Pharmaceuticals","https://scanx.trade/company/alembic-pharmaceuticals-ltd","835.30","-0.93%","842.85","2,263","16,418.92","26.23","17.47","1,122.40","725.60","-7.93%","-6.11%","-20.11%","43.93%","-20.36%","3.12","1.30%","12.78%","14.66%","32.05","897.41","930.28","29.48","67.21%","-"
"Amara Raja Energy & Mobility","https://scanx.trade/company/amara-raja-energy-mobility-ltd","895.90","-1.05%","905.00","27,324","16,397.24","18.39","174.46","1,231.25","805.05","-5.84%","-9.64%","-24.39%","48.12%","48.12%","2.14","1.16%","13.74%","16.77%","53.17","957.91","986.72","26.75","68.46%","-"
"RR Kabel","https://scanx.trade/company/rrkabel.ltd","1,439.80","0.07%","1,435.05","11,004","16,282.16","40.30","22.19","1,563.10","750.50","2.67%","16.60%","1.49%","20.32%","20.32%","6.95","0.42%","16.30%","20.77%","25.49","1,389.66","1,260.43","52.20","60.00%","-"
"Crompton Greaves","https://scanx.trade/company/crompton-greaves-consumer-electricals-ltd","251.55","-1.47%","254.50","96,408","16,197.32","34.04","3.54","401.50","248.15","-5.18%","-14.37%","-36.25%","-25.76%","-31.76%","4.84","1.17%","12.81%","19.23%","7.36","269.29","317.01","36.15","76.00%","-"
"Maharashtra Scooters","https://scanx.trade/company/maharashtra-scooters-ltd","14,151.00","-0.09%","14,163.45","334","16,172.57","45.30","-4.58","18,526.00","8,850.00","-3.68%","-19.61%","45.81%","211.97%","273.61%","0.49","0.99%","0.74%","0.62%","193.50","14,851.07","14,163.29","43.29","50.00%","-"
"Ircon International","https://scanx.trade/company/ircon-international-ltd","171.65","-0.67%","172.50","6,29,158","16,143.95","27.17","-2.81","229.45","134.30","6.65%","1.27%","-18.05%","184.90%","292.52%","2.52","1.53%","14.65%","9.42%","10.27","162.93","173.10","60.61","60.50%","-"
"Ola Electric Mobility","https://scanx.trade/company/ola-electric-mobility-ltd","36.59","3.27%","35.51","58,70,495","16,139.23","-6.85","51.72","88.55","30.79","-11.17%","-32.20%","-57.00%","-59.87%","-59.87%","3.60","-","-78.46%","-25.40%","-","42.09","47.74","46.71","60.00%","-"
"Natco Pharma","https://scanx.trade/company/natco-pharma-ltd","897.05","0.13%","896.00","47,895","16,067.05","10.44","17.47","1,419.50","660.05","2.13%","12.45%","-35.80%","61.56%","-6.34%","1.86","0.67%","14.68%","30.12%","91.37","867.06","870.17","49.87","66.12%","-"
"Dr. Agarwal's Health Care","https://scanx.trade/company/dr-agarwals-health-care-(shareholder)ltd","506.20","0.23%","506.30","1,345","16,003.94","110.03","-80.64","567.80","327.40","-5.27%","1.29%","26.06%","26.06%","26.06%","8.28","-","-","8.41%","-","510.58","445.79","51.76","65.00%","-"
"PG Electroplast","https://scanx.trade/company/pg-electroplast-ltd","563.00","-1.94%","569.65","70,478","15,993.46","64.37","30.46","1,054.95","471.15","-4.72%","11.44%","-44.18%","406.34%","3,904.27%","5.64","0.04%","19.57%","14.42%","7.08","569.96","693.42","46.98","66.60%","-"
"Five Star Business Finance","https://scanx.trade/company/five-star-business-finance-ltd","540.75","-0.14%","548.95","35,656","15,923.40","14.43","-4.58","850.45","501.20","-8.49%","4.75%","-33.03%","-9.06%","10.47%","2.34","0.37%","9.30%","13.86%","30.90","589.31","643.79","33.80","60.00%","-"
"Nava","https://scanx.trade/company/nava-bharat-ventures-ltd","561.65","1.54%","551.25","18,111","15,894.77","12.70","29.72","735.30","356.60","7.74%","-15.74%","13.87%","372.17%","1,636.17%","1.93","1.45%","15.09%","15.42%","64.33","563.48","564.54","51.39","62.51%","-"
"Signatureglobal","https://scanx.trade/company/signature.ltd","1,125.10","-0.75%","1,130.00","13,971","15,808.86","204.61","-2.81","1,420.00","989.00","0.90%","3.74%","-15.70%","145.44%","145.44%","21.91","-","-126.98%","6.71%","2.15","1,106.61","1,142.63","51.28","50.00%","-"
"Zensar Technologies","https://scanx.trade/company/zensar-technologies-ltd","694.30","-2.63%","713.05","14,670","15,781.16","23.15","39.80","985.00","558.50","-7.33%","-7.68%","-8.66%","224.14%","192.46%","3.79","1.82%","18.67%","20.39%","29.42","742.29","770.07","33.26","66.10%","-"
"Carborundum Universal","https://scanx.trade/company/carborundum-universal-ltd","828.00","-1.34%","839.30","8,185","15,768.10","78.95","40.99","1,324.95","810.00","-3.29%","-9.23%","-34.12%","-4.83%","105.23%","4.27","0.48%","14.58%","12.27%","20.19","874.88","940.90","37.08","70.00%","-"
"Great Eastern Shipping Company","https://scanx.trade/company/great-eastern-shipping-company-ltd","1,100.80","-0.27%","1,096.75","16,133","15,715.81","7.71","20.13","1,180.70","797.25","-0.43%","12.62%","16.20%","66.15%","319.67%","1.04","2.69%","21.09%","16.61%","199.62","1,091.32","992.20","50.49","67.97%","-"
"Sobha","https://scanx.trade/company/sobha-ltd","1,456.60","-0.07%","1,462.70","1,408","15,574.59","104.86","-2.81","1,732.45","1,075.70","-5.35%","-4.27%","-6.16%","170.00%","320.70%","3.38","0.21%","1.95%","5.96%","4.55","1,534.95","1,464.11","43.81","64.63%","-"
"Kajaria Ceramics","https://scanx.trade/company/kajaria-ceramics-ltd","968.00","-0.49%","967.00","13,875","15,417.56","42.28","-25.21","1,322.00","745.00","-9.31%","-16.75%","-15.62%","-16.49%","40.31%","5.29","0.93%","16.15%","16.54%","25.39","1,103.73","1,076.09","24.28","70.59%","-"
"DOMS Industries","https://scanx.trade/company/doms-industries-ltd","2,540.00","0.41%","2,529.70","921","15,414.65","68.07","8.91","3,060.00","2,094.75","1.06%","0.87%","-4.65%","90.86%","90.86%","13.97","0.12%","28.95%","23.91%","28.07","2,542.61","2,560.19","47.98","60.00%","-"
"Deepak Fertilisers & Petrochemicals","https://scanx.trade/company/deepak-fertilisers-and-petrochemicals-ltd","1,220.00","-1.15%","1,231.35","13,153","15,401.01","15.76","200.61","1,776.95","888.25","-10.95%","-18.54%","2.31%","72.34%","684.31%","2.39","0.81%","23.51%","16.65%","41.83","1,356.46","1,406.04","36.48","62.95%","-"
"BEML","https://scanx.trade/company/beml-ltd","1,832.65","-1.54%","1,854.90","20,568","15,263.96","52.40","38.29","2,437.43","1,173.18","0.22%","-9.77%","-9.53%","148.73%","363.18%","5.54","0.54%","6.52%","11.44%","68.76","1,922.66","1,933.46","51.85","60.96%","80.00%"
"Aditya Birla Lifestyle Brands","https://scanx.trade/company/aditya-birla-lifestyle-brands-ltd","123.85","0.65%","123.90","1,04,559","15,113.35","105.17","24.75","176.10","114.90","-4.80%","-8.29%","-22.30%","-22.30%","-22.30%","11.46","-","-","12.54%","-","130.79","-","43.86","60.00%","-"
"CEAT","https://scanx.trade/company/ceat-ltd","3,715.00","-2.97%","3,826.30","15,447","15,027.21","31.37","35.08","4,431.60","2,322.05","-3.50%","10.72%","14.68%","126.72%","246.69%","3.39","0.78%","15.68%","15.23%","169.51","3,934.55","3,511.20","40.23","67.70%","-"
"JBM Auto","https://scanx.trade/company/jbm-auto-ltd","634.65","4.22%","609.50","4,62,114","15,009.11","64.64","174.46","822.00","489.30","3.44%","-6.55%","-17.09%","146.47%","1,032.49%","10.16","0.14%","12.14%","18.88%","15.40","617.28","644.94","59.80","50.00%","50.00%"
"Firstcry (Brainbees Solutions)","https://scanx.trade/company/firstcry-brainbees-solutions-ltd","286.90","0.63%","285.20","1,26,388","14,973.60","-61.18","39.99","665.15","277.00","-5.13%","-20.81%","-53.56%","-57.70%","-57.70%","3.12","-","-8.48%","-1.09%","-","318.48","353.92","39.30","60.00%","-"
"Elgi Equipments","https://scanx.trade/company/elgi-equipments-ltd","471.25","3.01%","455.05","1,01,740","14,934.34","37.23","37.74","608.25","390.05","-7.76%","-1.03%","-16.23%","9.29%","202.08%","7.22","0.48%","19.36%","26.14%","10.23","487.40","495.22","44.72","60.00%","-"
"Swan Corp","https://scanx.trade/company/swan-energy-ltd","469.50","-1.54%","475.00","37,452","14,716.80","26.65","24.75","771.35","370.00","4.68%","3.70%","-34.25%","63.93%","245.73%","2.02","0.02%","-1.63%","15.18%","9.61","457.47","446.92","55.32","50.00%","-"
"Akzo Nobel","https://scanx.trade/company/akzo-nobel-india-ltd","3,206.80","2.00%","3,143.90","82,011","14,603.87","7.19","42.75","3,942.15","3,045.95","-3.30%","-2.88%","-5.79%","44.26%","38.87%","6.35","3.18%","32.08%","39.89%","94.71","3,341.42","3,414.68","41.91","68.81%","-"
"Granules","https://scanx.trade/company/granules-india-ltd","598.65","-0.77%","602.45","20,148","14,527.36","28.55","17.47","626.85","412.05","7.58%","16.19%","2.68%","86.32%","61.69%","3.68","0.25%","12.57%","17.96%","20.30","566.38","513.28","60.00","74.22%","-"
"Data Patterns","https://scanx.trade/company/data-patterns-india-ltd","2,592.00","-2.38%","2,655.00","29,640","14,511.04","63.67","30.46","3,267.20","1,350.50","-12.83%","1.97%","7.10%","136.67%","243.38%","9.67","0.30%","2.20%","11.06%","33.70","2,777.23","2,589.48","41.59","0.00%","-"
"Gabriel","https://scanx.trade/company/gabriel-india-ltd","1,001.20","-0.28%","1,011.90","32,208","14,381.63","56.44","174.46","1,386.45","387.05","-2.65%","-17.83%","110.69%","448.00%","837.45%","11.30","0.47%","17.84%","26.70%","13.53","1,105.73","924.14","44.36","36.00%","-"
"V-Guard Industries","https://scanx.trade/company/v-guard-industries-ltd","329.65","0.78%","324.60","5,426","14,372.70","49.11","3.54","449.95","300.00","-4.30%","-10.15%","-22.41%","25.32%","75.35%","6.52","0.46%","14.20%","18.94%","6.72","348.18","364.65","40.46","71.71%","-"
"Afcons Infrastructure","https://scanx.trade/company/afcons-infrastructure-ltd","390.00","1.18%","392.15","10,10,595","14,343.60","28.22","-2.81","570.00","376.20","-3.55%","-13.64%","-25.10%","-17.82%","-17.82%","2.63","0.65%","-","15.25%","-","412.41","431.99","44.13","60.00%","-"
"Leela Palaces Hotels & Resorts","https://scanx.trade/company/schloss-bangalore-ltd","429.25","1.02%","424.00","11,277","14,335.14","55.18","282.29","475.00","381.05","4.31%","4.20%","-1.45%","-1.45%","-1.45%","2.31","-","-","7.24%","-","420.60","-","59.30","60.00%","-"
"Aptus Value Housing Finance","https://scanx.trade/company/aptus-value-housing-finance-indian-ltd","285.75","2.68%","279.75","1,59,145","14,305.74","16.53","16.44","364.85","267.75","2.35%","-10.14%","-1.97%","-8.78%","-17.53%","2.99","1.61%","16.24%","13.64%","12.85","291.32","316.95","49.78","69.65%","-"
"International Gemmological Institute","https://scanx.trade/company/international-gemmological-institute-(india)-ltd","329.70","-1.93%","336.30","9,306","14,248.31","28.44","40.63","642.30","282.00","0.38%","-4.13%","-40.44%","-29.87%","-29.87%","11.74","0.73%","-","49.46%","-","331.89","356.09","52.28","60.00%","-"
"JM Financial","https://scanx.trade/company/jm-financial-ltd","148.30","2.95%","144.00","3,23,125","14,179.89","11.85","-4.58","199.75","78.00","2.03%","-8.37%","14.38%","111.40%","77.39%","1.34","1.87%","0.25%","11.37%","12.12","151.67","145.41","53.75","63.58%","-"
"Concord Biotech","https://scanx.trade/company/concord-biotech-ltd","1,354.00","1.29%","1,326.35","5,291","14,165.03","43.23","17.47","2,451.65","1,318.80","-4.66%","-15.32%","-38.31%","43.76%","43.76%","7.65","0.65%","20.18%","26.76%","29.94","1,420.29","1,628.44","42.60","50.00%","-"
"ACME Solar Holdings","https://scanx.trade/company/acme-solar-holdings-ltd","233.75","-0.72%","232.30","18,786","14,143.93","29.73","13.76","324.25","167.55","1.70%","-16.01%","0.73%","-7.79%","-7.79%","2.98","0.08%","-","6.42%","-","246.67","252.38","48.70","60.00%","-"
"UTI AMC","https://scanx.trade/company/uti-asset-management-company-ltd","1,103.00","-0.77%","1,100.10","6,095","14,139.58","21.59","-4.58","1,494.95","906.40","-3.35%","-15.34%","-18.15%","30.03%","97.02%","3.26","4.30%","16.13%","20.36%","61.66","1,181.57","1,218.55","36.62","67.69%","-"
"Jupiter Wagons","https://scanx.trade/company/commercial-eng-co-ltd","331.35","-1.81%","335.35","3,19,395","14,065.74","52.40","38.29","524.30","247.00","16.00%","-1.05%","-32.04%","262.92%","1,562.57%","4.93","0.38%","20.29%","19.60%","8.50","299.89","343.14","64.69","60.83%","-"
"Vedant Fashions","https://scanx.trade/company/vedanta-fashions-ltd","578.50","-0.57%","576.45","2,481","14,055.07","35.09","24.75","1,301.00","576.15","-4.85%","-16.29%","-53.61%","-56.22%","-38.12%","9.25","1.37%","25.86%","27.76%","15.84","622.30","727.60","39.20","60.00%","-"
"Reliance Power","https://scanx.trade/company/reliance-power-ltd","33.68","-4.64%","35.52","95,09,309","13,929.28","49.06","10.15","76.49","31.30","-15.69%","-25.12%","-19.58%","134.70%","876.23%","0.95","-","-19.31%","16.13%","-","39.55","47.20","38.60","-","-"
"Niva Bupa Health Insurance Company","https://scanx.trade/company/niva-bupa-health-insurance-company-ltd","75.46","0.64%","73.87","73,881","13,927.74","149.96","-4.58","95.00","61.01","1.60%","-9.07%","-4.21%","1.97%","1.97%","3.64","-","-","-6.79%","-","75.36","80.32","50.05","60.00%","-"
"Syrma SGS","https://scanx.trade/company/syrma-sgs-ltd","723.40","1.51%","712.10","51,143","13,922.86","57.10","30.46","909.50","355.05","-11.86%","-9.00%","25.04%","168.72%","131.08%","4.89","0.19%","7.98%","14.84%","5.58","790.68","667.04","40.11","50.00%","-"
"Usha Martin","https://scanx.trade/company/usha-martin-ltd","450.15","-0.14%","450.05","19,877","13,717.95","34.02","25.07","497.50","278.80","5.15%","-5.35%","19.29%","156.42%","1,282.95%","4.63","0.67%","17.79%","18.22%","14.02","448.09","378.85","52.41","65.84%","-"
"Gravita India","https://scanx.trade/company/gravita-india-ltd","1,858.00","0.16%","1,846.00","19,331","13,713.61","37.82","-96.54","2,337.25","1,435.00","1.99%","15.62%","-15.95%","321.36%","2,453.95%","6.06","0.34%","33.92%","17.82%","36.86","1,759.79","1,766.22","59.44","50.00%","-"
"India Cements","https://scanx.trade/company/india-cements-ltd","440.00","-1.76%","448.00","24,452","13,635.48","1,092.44","1,099.75","451.35","239.00","12.06%","15.02%","15.73%","100.50%","203.24%","2.91","-","-2.91%","0.66%","-","406.02","356.99","60.34","66.29%","-"
"Minda Corporation","https://scanx.trade/company/minda-corporation-ltd","569.05","0.38%","567.30","14,352","13,604.81","50.80","174.46","644.35","445.25","-2.07%","-0.09%","16.58%","177.99%","523.62%","5.56","0.25%","11.37%","13.79%","10.30","586.19","536.91","41.01","67.22%","-"
"IFCI","https://scanx.trade/company/ifci-ltd","50.46","-1.96%","51.00","5,16,674","13,595.51","22.00","-183.67","74.50","35.67","-0.96%","-5.03%","-14.68%","272.67%","437.38%","1.56","-","-1.80%","6.49%","0.53","52.49","53.50","48.82","0.00%","-"
"Caplin Point Laboratories","https://scanx.trade/company/caplin-point-laboratories-ltd","1,787.35","-5.07%","1,890.00","25,731","13,585.95","24.00","24.90","2,625.00","1,551.05","-6.55%","-11.24%","-29.50%","151.17%","253.93%","4.53","0.32%","19.77%","23.34%","62.84","1,948.88","2,027.03","31.00","50.00%","-"
"Trident","https://scanx.trade/company/trident-ltd","26.58","0.04%","26.37","4,05,297","13,545.05","30.54","17.68","34.85","23.20","-5.81%","-5.64%","-19.26%","-21.59%","173.74%","2.93","1.35%","8.11%","10.23%","0.65","27.95","28.67","33.45","67.46%","-"
"Paradeep Phosphates","https://scanx.trade/company/paradeep-phosphates-ltd","165.20","2.29%","161.60","15,06,604","13,486.03","17.14","33.66","234.05","83.35","4.13%","-15.02%","51.42%","181.67%","275.88%","2.52","0.49%","8.68%","22.66%","2.76","162.27","165.55","58.05","62.50%","-"
"Zydus Wellness","https://scanx.trade/company/zydus-wellness-ltd","423.05","-0.32%","424.00","9,454","13,459.79","53.32","17.80","530.55","298.60","-1.87%","-12.88%","11.77%","41.46%","7.78%","2.37","0.28%","4.98%","6.51%","47.81","446.35","411.49","40.39","71.60%","-"
"Aarti Industries","https://scanx.trade/company/aarti-industries-ltd","370.10","-1.70%","376.00","28,773","13,419.60","46.89","200.61","494.00","345.15","-3.18%","-0.58%","-9.70%","-39.44%","-30.84%","2.39","0.27%","7.87%","7.62%","13.35","377.96","409.27","47.30","74.84%","-"
"Rainbow Childrens Medicare","https://scanx.trade/company/rainbow-childrens-medicare-ltd","1,315.00","-1.13%","1,329.90","6,886","13,355.03","52.99","-80.64","1,651.55","1,205.65","-3.31%","-1.99%","-11.64%","72.82%","192.16%","8.90","0.23%","17.26%","18.08%","21.23","1,351.15","1,415.48","40.25","60.00%","-"
"IndiaMART InterMesh","https://scanx.trade/company/indiamart-intermesh-ltd","2,216.00","0.86%","2,209.55","7,441","13,303.12","24.55","40.63","2,772.00","1,850.00","-4.22%","-5.01%","-2.38%","3.55%","-28.78%","6.18","2.27%","19.24%","24.49%","60.84","2,348.18","2,390.37","40.07","60.00%","-"
"LT Foods","https://scanx.trade/company/daawat-lt-foods-ltd","383.00","-2.41%","394.45","56,822","13,299.79","21.35","17.80","518.35","290.05","-6.20%","-5.32%","-9.13%","104.87%","104.87%","3.25","0.76%","15.11%","20.34%","17.54","406.58","418.74","37.33","63.59%","-"
"Cemindia Projects","https://scanx.trade/company/itd-cementation-india-ltd","766.00","-1.68%","785.00","21,122","13,158.93","30.02","-2.81","943.20","477.00","-8.64%","-2.20%","43.77%","544.24%","1,217.28%","6.54","0.26%","18.30%","36.04%","18.73","815.79","739.23","39.03","62.97%","-"
"Intellect Design Arena","https://scanx.trade/company/intellect-design-arena-ltd","945.20","-5.16%","996.60","14,281","13,146.96","34.47","39.80","1,255.00","555.05","-15.03%","-1.82%","-1.87%","114.45%","196.44%","4.70","0.70%","13.17%","15.28%","22.02","1,061.93","993.61","30.61","50.00%","-"
"Blue Dart Express","https://scanx.trade/company/blue-dart-express-ltd","5,537.80","1.36%","5,450.00","3,146","13,140.06","48.67","24.33","7,222.35","5,244.00","-3.20%","-0.71%","-16.69%","-28.06%","35.70%","7.95","0.46%","22.02%","18.32%","123.54","5,752.27","6,088.46","49.56","69.94%","-"
"Bombay Burmah Trading","https://scanx.trade/company/bombay-burmah-trading-ltd","1,874.00","2.46%","1,829.10","15,015","13,075.25","5.61","174.46","2,345.00","1,521.00","2.18%","6.29%","-13.19%","106.51%","44.90%","2.04","0.93%","26.15%","37.06%","165.89","1,909.90","1,890.26","49.94","65.39%","-"
"BLS International Services","https://scanx.trade/company/bls-international-service-ltd","317.35","0.19%","313.60","78,560","13,066.60","20.38","39.80","522.30","277.00","-3.78%","-3.19%","-32.43%","87.23%","1,380.87%","6.12","0.32%","24.40%","27.33%","8.70","320.63","358.14","46.58","50.00%","-"
"Lemon Tree Hotels","https://scanx.trade/company/lemon-tree-hotels-ltd","161.60","0.87%","159.25","53,782","12,802.70","45.64","282.29","180.60","110.55","2.12%","-1.13%","5.69%","92.04%","297.05%","10.26","-","9.94%","13.58%","1.83","161.10","151.70","51.39","67.71%","-"
"Kirloskar Brothers","https://scanx.trade/company/kirloskar-brothers-ltd","1,608.55","1.50%","1,583.75","5,635","12,773.32","31.78","53.31","2,475.55","1,424.05","-4.68%","-16.78%","-20.68%","406.15%","1,147.42%","5.70","0.44%","19.69%","25.30%","43.89","1,728.62","1,854.82","43.52","50.00%","-"
"Welspun Living","https://scanx.trade/company/welspun-india-ltd","133.00","0.99%","130.80","1,16,640","12,756.73","35.12","24.75","166.60","105.00","-10.56%","15.95%","-14.41%","-16.27%","-16.27%","2.62","0.13%","4.83%","15.28%","7.25","133.84","130.66","47.24","50.00%","-"
"Vardhman Textiles","https://scanx.trade/company/vardhman-textiles-ltd","441.05","-0.71%","435.10","3,647","12,756.37","15.20","17.68","539.50","362.60","0.95%","7.52%","-12.76%","33.85%","103.34%","1.27","1.13%","9.30%","11.25%","25.37","440.14","446.84","48.48","67.53%","-"
"Gallantt Ispat","https://scanx.trade/company/gallantt-metal-ltd","526.75","-0.69%","526.75","12,179","12,709.47","25.97","25.07","800.60","290.10","-10.78%","-20.66%","54.49%","758.60%","1,240.33%","4.12","0.24%","7.71%","18.81%","13.12","573.90","551.39","35.42","50.00%","-"
"Nuvoco Vistas Corporation","https://scanx.trade/company/nuvoco-vistas-corp-ltd","355.70","-1.71%","361.95","1,50,526","12,704.04","47.25","30.76","477.35","288.00","-0.27%","-15.96%","2.18%","-1.59%","-33.05%","1.41","-","1.64%","4.05%","3.80","373.42","377.93","45.38","71.10%","-"
"NMDC Steel","https://scanx.trade/company/nmdc-steel-ltd","43.24","3.54%","41.80","5,83,856","12,671.94","-","23.17","49.62","28.35","3.30%","-3.20%","0.72%","36.19%","36.19%","-","-","-","-14.38%","-","42.41","39.97","62.10","50.00%","-"
"CCL Products","https://scanx.trade/company/ccl-products-india-ltd","948.70","-1.03%","958.60","4,223","12,667.79","37.84","-11.03","1,072.65","475.00","-6.06%","10.90%","28.92%","76.57%","256.45%","6.13","0.52%","18.14%","17.86%","19.53","961.32","832.57","45.04","0.00%","-"
"Fine Organic Industries","https://scanx.trade/company/fine-organic-industries-ltd","4,075.00","-1.90%","4,154.45","254","12,493.94","31.41","200.61","5,490.00","3,355.05","-7.61%","-9.85%","-5.81%","-28.09%","62.13%","5.14","0.26%","21.44%","24.27%","138.88","4,398.80","4,578.35","28.87","50.00%","-"
"Indegene","https://scanx.trade/company/indegene-ltd","519.25","-0.62%","521.35","16,011","12,469.25","28.17","40.63","681.10","485.15","-2.20%","-9.24%","-13.64%","-9.01%","-9.01%","4.38","0.38%","23.56%","20.33%","14.81","528.50","558.43","42.96","60.00%","-"
"Can Fin Homes","https://scanx.trade/company/can-fin-homes-ltd","924.25","2.68%","895.00","10,157","12,306.77","13.01","16.44","970.00","558.80","4.49%","23.08%","22.51%","74.32%","84.48%","2.19","1.33%","17.28%","10.81%","57.59","890.12","783.56","55.19","70.49%","-"
"Zen Technologies","https://scanx.trade/company/zen-technologies-ltd","1,353.15","-2.39%","1,395.05","28,807","12,217.64","46.12","40.63","2,590.00","946.65","-3.76%","-5.18%","-44.32%","631.83%","1,442.93%","6.97","0.14%","15.13%","23.07%","18.54","1,383.58","1,558.90","43.54","50.00%","-"
"Techno Electric & Engineering","https://scanx.trade/company/techno-electric-engineering-ltd","1,043.50","-2.86%","1,074.30","17,558","12,135.86","26.54","13.76","1,718.20","795.00","-13.50%","-21.59%","-33.98%","228.71%","361.01%","3.21","0.84%","12.53%","11.95%","25.49","1,197.09","1,299.64","32.93","50.00%","-"
"Cyient","https://scanx.trade/company/cyient-ltd","1,090.30","-1.33%","1,100.45","39,715","12,111.83","19.98","39.80","1,933.10","1,050.20","-2.86%","-4.88%","-40.99%","33.46%","111.63%","2.21","2.35%","15.42%","15.30%","63.07","1,151.10","1,217.65","34.70","73.33%","-"
"Bata","https://scanx.trade/company/bata-india-ltd","937.10","-0.28%","939.80","1,490","12,044.32","70.82","29.12","1,476.95","930.65","-6.24%","-19.17%","-32.54%","-42.47%","-40.84%","7.92","2.02%","17.19%","19.23%","27.57","1,018.61","1,161.17","31.35","73.50%","-"
"Cello World","https://scanx.trade/company/cello-world-ltd","539.55","-0.13%","540.30","1,916","11,917.85","33.08","39.99","783.45","485.20","-9.38%","-5.14%","-27.22%","-31.87%","-31.87%","5.20","0.28%","26.00%","20.25%","15.22","593.49","587.03","34.85","50.00%","-"
"Titagarh Rail Systems","https://scanx.trade/company/titagarh-wagons-ltd","883.35","-2.73%","907.35","3,07,695","11,896.41","62.67","38.29","1,159.50","655.30","6.85%","-0.15%","-19.84%","112.24%","112.24%","4.82","0.11%","13.00%","17.07%","21.80","843.10","853.42","63.04","69.11%","-"
"Chennai Petroleum Corporation","https://scanx.trade/company/chennai-petroleum-corporation-ltd","797.60","-1.82%","811.00","81,266","11,877.17","10.34","12.52","1,103.00","433.20","-12.94%","4.45%","34.65%","290.12%","654.59%","1.37","0.62%","31.12%","5.19%","170.95","921.22","736.15","28.01","62.63%","-"
"Birlasoft","https://scanx.trade/company/birlasoft-ltd","424.50","-2.74%","437.05","62,376","11,824.15","26.36","39.80","581.00","330.15","11.70%","22.07%","-26.14%","44.88%","69.06%","3.29","1.49%","20.49%","19.59%","23.05","400.05","395.88","50.91","75.80%","-"
"Railtel Corporation of India","https://scanx.trade/company/railtel-corporation-of-india-ltd","367.20","-1.36%","371.80","1,53,950","11,784.86","81.09","51.60","478.80","265.30","8.32%","-1.91%","-6.66%","192.12%","202.47%","6.93","0.60%","11.47%","14.28%","5.84","349.90","361.86","61.10","60.66%","-"
"Indian Energy Exchange","https://scanx.trade/company/indian-energy-exchange-ltd","132.05","-1.27%","133.70","2,93,256","11,774.80","25.48","40.63","215.40","130.35","-5.24%","-5.48%","-26.23%","-5.37%","82.34%","9.56","2.24%","36.08%","47.66%","4.17","140.98","163.15","32.17","75.00%","-"
"Newgen Software Technologies","https://scanx.trade/company/newgen-software-technologies-ltd","829.55","-0.09%","830.85","30,682","11,752.96","35.94","39.80","1,795.50","740.05","-5.90%","-5.39%","-51.50%","367.54%","507.95%","7.41","0.59%","20.56%","25.22%","19.17","896.73","977.92","38.07","50.00%","-"
"Sammaan Capital","https://scanx.trade/company/indiabulls-housing-finance-ltd","141.20","-0.35%","142.10","2,85,999","11,696.42","9.25","16.44","192.90","97.80","-8.19%","-8.58%","-5.68%","-27.24%","-27.24%","0.52","1.41%","6.50%","3.96%","25.15","162.10","136.30","37.56","50.00%","-"
"Aavas Financiers","https://scanx.trade/company/aavas-financiers-ltd","1,472.00","-0.25%","1,456.05","4,207","11,652.55","23.81","16.44","2,238.35","1,435.10","-4.91%","-8.63%","-11.25%","-20.81%","-12.52%","3.10","-","13.00%","8.96%","61.97","1,583.68","1,756.45","40.16","69.88%","-"
"Jaiprakash Power Ventures","https://scanx.trade/company/jaiprakash-power-ventures-ltd","16.98","-0.76%","17.10","32,58,963","11,637.17","15.84","10.15","27.62","12.35","-9.68%","-3.25%","-3.47%","130.08%","425.70%","0.92","-","8.91%","10.06%","2.30","18.30","17.67","34.30","36.00%","-"
"HEG","https://scanx.trade/company/heg-ltd","600.80","-0.12%","594.65","3,14,410","11,594.09","45.02","35.13","622.00","332.20","13.86%","18.30%","20.68%","191.58%","216.38%","2.49","0.30%","7.04%","4.37%","50.68","535.21","504.29","74.06","50.00%","-"
"Home First Finance Company","https://scanx.trade/company/home-first-finance-company-ltd","1,115.60","0.51%","1,103.40","3,973","11,553.22","25.47","16.44","1,518.80","838.65","0.26%","-6.10%","5.98%","52.51%","111.53%","2.87","0.29%","14.41%","10.08%","36.43","1,163.65","1,213.61","41.97","66.23%","-"
"Graphite","https://scanx.trade/company/graphite-india-ltd","587.80","-2.45%","594.20","90,794","11,484.18","49.67","35.13","651.25","366.00","5.94%","7.73%","5.33%","58.39%","89.52%","2.00","1.83%","14.33%","9.90%","15.55","564.83","534.00","61.47","64.94%","-"
"RITES","https://scanx.trade/company/rites-ltd","237.40","-3.08%","244.45","71,531","11,409.53","26.11","40.63","316.15","192.30","0.13%","-4.37%","-11.19%","39.52%","77.96%","4.47","3.08%","21.00%","19.48%","17.74","239.75","253.00","51.11","63.05%","-"
"Whirlpool","https://scanx.trade/company/whirlpool-of-india-ltd","889.00","-2.44%","911.20","45,342","11,278.91","32.85","56.87","1,888.00","887.65","-17.45%","-25.94%","-50.33%","-40.13%","-64.58%","2.83","0.55%","5.84%","11.63%","23.58","1,140.11","1,220.75","26.83","66.48%","-"
"Engineers India","https://scanx.trade/company/engineers-india-ltd","200.00","-0.60%","202.05","3,31,197","11,240.85","21.05","13.76","255.25","142.15","1.50%","3.71%","12.71%","157.90%","155.59%","4.18","1.99%","17.55%","23.44%","7.08","198.03","200.57","52.83","63.31%","-"
"Finolex Cables","https://scanx.trade/company/finolex-cables-ltd","732.05","-1.42%","741.80","15,209","11,195.92","17.10","22.19","1,202.35","708.00","-2.33%","-8.80%","-36.75%","34.82%","111.54%","1.99","1.08%","11.54%","15.60%","48.07","768.02","858.84","38.23","65.84%","-"
"Aether Industries","https://scanx.trade/company/aether-industries-ltd","833.50","0.14%","844.35","1,663","11,051.40","56.70","200.61","936.50","723.15","-4.94%","10.99%","-5.31%","-0.79%","7.31%","4.74","-","10.48%","9.85%","6.95","824.19","791.67","46.81","50.00%","-"
"Action Construction Equipment","https://scanx.trade/company/action-construction-equipment-ltd","926.15","-0.85%","934.20","19,756","11,028.89","26.61","38.29","1,599.55","909.30","-6.74%","-14.06%","-39.12%","210.58%","572.59%","6.24","0.21%","26.65%","35.46%","28.95","1,000.79","1,121.97","40.53","50.00%","-"
"Jubilant Ingrevia","https://scanx.trade/company/jubilant-ingrevia-ltd","692.40","-2.45%","708.50","5,884","11,028.63","39.26","200.61","884.00","556.55","-2.09%","7.89%","-14.58%","30.44%","155.26%","3.72","0.70%","6.68%","11.00%","10.93","694.00","706.60","47.76","50.00%","-"
"Mahanagar Gas","https://scanx.trade/company/mahanagar-gas-ltd","1,114.45","-0.59%","1,121.95","9,051","11,008.29","11.32","40.63","1,586.00","1,093.00","-7.10%","-11.49%","-11.38%","33.19%","2.93%","1.78","2.68%","24.86%","21.64%","121.15","1,202.81","1,317.95","35.96","74.26%","-"
"Jammu & Kashmir Bank","https://scanx.trade/company/jk-bank-ltd","99.30","1.27%","98.05","71,387","10,934.74","5.17","9.55","117.20","82.01","-7.11%","-1.16%","-0.15%","77.64%","330.62%","0.79","2.19%","14.52%","5.71%","16.88","104.38","103.00","41.63","65.00%","-"
"PCBL Chemical","https://scanx.trade/company/pcbl-ltd","288.95","-2.07%","295.20","67,664","10,906.78","33.26","200.61","471.45","290.85","-11.13%","-22.92%","-33.86%","121.93%","247.71%","3.00","1.79%","15.11%","13.26%","13.24","333.00","380.08","19.95","65.02%","-"
"Godrej Agrovet","https://scanx.trade/company/godrej-agrovet-ltd","563.85","0.21%","562.65","8,519","10,844.44","26.45","17.80","876.30","560.25","-5.09%","-20.91%","-24.48%","19.89%","5.18%","5.98","1.95%","12.31%","20.74%","20.26","600.75","716.54","38.26","68.81%","-"
"Finolex Industries","https://scanx.trade/company/finolex-industries-ltd","170.60","0.03%","170.55","17,651","10,585.34","22.03","28.48","255.75","144.05","-4.51%","-15.29%","-29.98%","-9.88%","32.26%","1.79","2.10%","5.11%","16.75%","8.64","178.92","194.24","45.52","67.22%","-"
"Elecon Engineering Company","https://scanx.trade/company/elecon-engineering-company-ltd","470.85","-1.03%","475.05","12,592","10,565.87","20.64","38.29","716.55","348.05","-6.68%","-15.74%","-25.31%","158.71%","2,102.29%","4.76","0.42%","22.17%","25.09%","15.86","513.47","560.75","36.54","60.00%","-"
"Jindal SAW","https://scanx.trade/company/jindal-saw-ltd","165.00","-0.15%","165.40","84,774","10,551.89","9.43","23.17","301.60","153.20","1.38%","-18.68%","-42.85%","214.71%","332.73%","0.87","1.21%","17.00%","21.55%","57.92","168.65","212.49","48.69","60.00%","-"
"Jyothy Laboratories","https://scanx.trade/company/jyothy-laboratories-ltd","277.60","-1.75%","286.90","53,134","10,193.87","28.00","85.80","422.60","267.90","-7.56%","-9.50%","-30.73%","37.19%","87.69%","5.06","1.24%","20.40%","22.69%","10.21","301.12","329.92","31.93","68.36%","-"
"Sonata Software","https://scanx.trade/company/sonata-software-ltd","359.10","0.62%","356.85","36,405","10,070.06","22.65","39.80","634.25","286.40","0.49%","4.54%","-39.48%","28.18%","145.82%","5.65","1.22%","21.94%","30.13%","14.74","362.74","376.31","51.69","63.79%","-"
"Relaxo Footwears","https://scanx.trade/company/relaxo-footwears-ltd","400.00","-0.72%","401.35","1,667","9,957.54","57.56","29.12","639.85","375.35","-2.36%","-10.61%","-35.72%","-56.14%","-50.02%","4.75","0.74%","10.02%","10.84%","7.57","417.97","438.42","39.56","71.20%","-"
"Olectra Greentech","https://scanx.trade/company/olectra-greentech-ltd","1,207.90","0.66%","1,188.15","17,764","9,914.53","69.01","766.77","1,712.50","973.65","-3.45%","-23.12%","-16.57%","144.59%","860.56%","8.78","0.03%","7.95%","19.16%","10.08","1,328.02","1,326.03","44.23","50.00%","-"
"PVR Inox","https://scanx.trade/company/pvr-cinemas-ltd","996.00","-2.03%","1,009.55","26,156","9,780.72","-257.38","11.15","1,347.60","825.65","-6.77%","-9.50%","-23.94%","-31.74%","-31.74%","1.41","-","-4.59%","3.16%","-","1,102.70","1,036.93","34.17","69.66%","-"
"NCC","https://scanx.trade/company/ncc-nagarjuna-construction-company-ltd","155.15","-3.12%","160.05","3,83,794","9,741.04","11.92","-2.81","280.90","152.25","-9.51%","-24.79%","-42.52%","88.29%","159.45%","1.33","1.37%","9.96%","23.70%","12.23","180.26","207.89","32.35","71.80%","-"
"Medplus Health Services","https://scanx.trade/company/medplus-health-services-ltd","809.30","0.23%","807.50","1,490","9,697.24","49.60","39.99","1,052.05","603.00","0.12%","5.83%","-4.47%","30.01%","-27.80%","5.24","-","3.36%","10.27%","6.36","791.50","823.02","51.88","50.00%","-"
"Metropolis Healthcare","https://scanx.trade/company/metropolis-healthcare-ltd","1,846.80","-2.58%","1,895.65","3,737","9,567.80","61.85","-80.64","2,259.30","1,383.70","-4.50%","-8.66%","-10.14%","40.49%","-5.46%","6.86","-","11.69%","13.32%","26.74","1,935.65","1,868.09","34.84","60.00%","-"
"JK Lakshmi Cement","https://scanx.trade/company/jk-lakshmi-cement-ltd","769.65","-0.06%","770.20","5,386","9,554.78","20.50","30.76","1,020.85","661.00","1.47%","-8.51%","-7.61%","-3.47%","130.88%","2.58","0.80%","14.53%","8.91%","38.89","803.79","849.47","44.63","69.98%","-"
"Latent View Analytics","https://scanx.trade/company/latent-view-analytics-ltd","461.00","0.07%","460.80","14,063","9,524.31","50.13","39.80","517.00","340.40","-7.49%","14.72%","-0.30%","24.38%","-5.65%","5.86","-","11.54%","14.21%","8.01","467.94","423.10","43.56","68.80%","-"
"Mamaearth","https://scanx.trade/company/mama-earth-ltd","291.30","5.26%","281.55","23,81,457","9,478.02","68.50","39.99","334.00","190.00","0.40%","5.18%","16.36%","-13.60%","-13.60%","7.09","-","10.09%","7.86%","3.89","277.36","276.97","62.15","50.00%","-"
"Clean Science & Technology","https://scanx.trade/company/clean-science-technology-ltd","884.80","1.49%","872.55","32,377","9,403.11","34.93","200.61","1,599.00","863.20","-3.10%","-19.86%","-36.60%","-40.14%","-44.18%","6.18","0.69%","20.28%","24.59%","23.62","942.00","1,180.02","39.52","69.02%","-"
"Aditya Birla Fashion & Retail","https://scanx.trade/company/aditya-birla-fashion-ltd","76.00","-1.26%","76.97","92,726","9,274.03","-15.80","24.75","107.71","72.04","-2.69%","-10.58%","-24.92%","-27.59%","26.41%","1.50","-","-1.78%","-1.19%","-","78.64","83.33","45.71","74.79%","-"
"Ramkrishna Forgings","https://scanx.trade/company/ramkrishna-forgings-ltd","511.05","-0.28%","511.00","15,510","9,251.57","41.60","21.23","1,019.90","473.35","-7.11%","-1.75%","-43.37%","95.54%","420.42%","3.02","0.39%","12.72%","7.32%","19.02","530.76","604.18","46.12","60.00%","-"
"CE Info Systems","https://scanx.trade/company/ce-info-systems-ltd","1,689.75","-1.05%","1,710.00","6,834","9,246.59","64.15","39.80","2,165.00","1,542.00","0.69%","3.41%","6.42%","61.72%","21.17%","11.22","0.20%","20.37%","25.90%","25.44","1,720.23","1,757.43","50.69","60.00%","-"
"RHI Magnesita","https://scanx.trade/company/orient-refractories-ltd","443.70","-1.28%","448.55","5,470","9,162.47","58.98","33.86","547.65","376.75","-4.39%","0.37%","-10.09%","-46.21%","84.34%","2.31","0.56%","-15.62%","6.99%","6.58","459.17","467.99","44.19","68.31%","-"
"HFCL","https://scanx.trade/company/himachal-futuristic-communications-ltd","63.49","-2.38%","64.57","41,80,502","9,159.53","309.71","37.96","116.35","60.73","-9.53%","-14.36%","-42.78%","-13.68%","143.72%","2.13","0.14%","10.10%","8.62%","2.59","71.27","77.53","39.54","69.54%","-"
"Blue Jet Healthcare","https://scanx.trade/company/blue-jet-healthcare-ltd","519.80","-0.05%","520.00","20,590","9,016.73","25.61","17.47","1,028.20","512.95","-10.00%","-18.66%","-6.65%","31.31%","31.31%","7.18","0.23%","39.96%","50.91%","9.47","579.63","740.05","36.39","50.00%","-"
"Balrampur Chini Mills","https://scanx.trade/company/balrampur-chini-mills-ltd","438.15","1.22%","430.35","10,138","8,848.17","21.58","-169.88","627.00","408.65","-2.11%","-3.25%","-15.42%","11.08%","158.19%","2.23","0.69%","15.72%","14.34%","26.33","450.96","527.41","46.07","60.00%","-"
"Zee Entertainment","https://scanx.trade/company/zee-entertainment-ltd","89.75","-1.21%","90.55","2,99,121","8,620.66","15.24","11.15","151.70","89.29","-11.53%","-20.40%","-26.52%","-62.49%","-58.85%","0.75","2.68%","2.34%","8.03%","4.20","97.89","114.28","30.69","61.88%","-"
"Transformers & Rectifiers","https://scanx.trade/company/transformers-rectifiers-ltd","283.65","-0.77%","288.20","87,440","8,514.20","33.71","3.54","650.23","230.00","4.42%","-42.07%","-48.36%","899.47%","2,606.58%","6.38","0.07%","8.35%","24.24%","5.14","331.35","458.58","45.30","50.00%","-"
"Embassy Developments","https://scanx.trade/company/indiabulls-real-estate-ltd","62.10","-0.94%","63.49","93,093","8,481.92","-39.18","-2.81","163.70","60.60","-19.58%","-33.02%","-46.47%","-58.32%","-58.32%","0.83","-","-16.57%","3.63%","-","79.15","99.05","30.83","50.00%","-"
"Birla Corporation","https://scanx.trade/company/birla-corporation-ltd","1,056.00","-0.48%","1,060.00","1,001","8,131.76","16.41","30.76","1,537.15","901.85","-5.66%","-13.16%","-11.79%","7.76%","49.50%","1.33","0.94%","6.30%","6.05%","50.47","1,128.53","1,223.29","40.29","67.88%","-"
"Rashtriya Chemicals & Fertilizers","https://scanx.trade/company/rashtriya-chemicals-and-fertilizers-ltd","145.45","1.39%","143.50","2,34,718","8,024.30","25.34","33.66","184.45","108.05","2.94%","0.34%","-13.11%","10.31%","165.18%","1.61","0.92%","21.05%","9.29%","2.85","144.66","146.12","57.24","63.97%","-"
"Tejas Networks","https://scanx.trade/company/tejas-networks-ltd","452.65","-0.68%","452.15","43,271","8,004.81","-19.87","22.77","1,220.00","440.05","-8.39%","-23.78%","-61.47%","-20.55%","262.85%","2.44","0.56%","2.00%","22.45%","9.75","501.65","632.95","37.35","50.00%","-"
"Alkyl Amines Chemicals","https://scanx.trade/company/alkyl-amines-chemicals-ltd","1,564.30","-1.30%","1,566.25","1,381","7,999.90","44.49","200.61","2,448.80","1,509.20","-6.77%","-19.25%","-9.18%","-40.96%","1.15%","5.62","0.63%","37.52%","40.66%","28.94","1,726.32","1,905.71","29.00","68.50%","-"
"Campus Activewear","https://scanx.trade/company/campus-activewear-ltd","259.80","0.68%","258.10","6,845","7,936.17","65.35","29.12","337.20","215.00","-5.84%","-1.72%","-18.69%","-37.22%","-31.38%","18.40","-","25.20%","32.89%","4.97","271.10","267.71","42.56","60.00%","-"
"Sapphire Foods","https://scanx.trade/company/sapphire-foods-india-ltd","246.90","-2.41%","253.00","7,462","7,934.94","25,300.00","282.29","374.70","221.75","-0.70%","-16.26%","-25.71%","-9.81%","1.52%","5.84","-","3.88%","5.22%","5.71","258.40","301.96","49.56","60.00%","-"
"Alok Industries","https://scanx.trade/company/alok-industries-ltd","15.94","-0.81%","16.13","3,03,129","7,914.59","-11.73","74.87","23.50","13.90","-5.79%","-8.18%","-23.44%","2.18%","-24.99%","-0.38","-","4.28%","-3.59%","-","16.79","17.90","42.09","50.00%","-"
"Maharashtra Seamless","https://scanx.trade/company/maharashtra-seamless-ltd","548.50","-0.40%","548.65","14,207","7,349.86","9.41","23.17","774.00","540.95","-6.92%","-7.22%","-21.50%","72.21%","237.91%","1.12","1.82%","16.61%","14.83%","65.23","565.67","645.84","40.58","66.60%","-"
"Gujarat State Fertilizers & Chemicals","https://scanx.trade/company/gujarat-state-fertilizers-chemicals-ltd","180.60","0.50%","179.80","55,342","7,196.50","10.72","33.66","220.75","156.50","-2.54%","-7.97%","-6.47%","31.15%","139.05%","0.57","2.78%","10.51%","5.86%","13.52","184.30","194.44","53.50","67.10%","-"
"Gujarat Narmada Valley Fert & Chem","https://scanx.trade/company/gnfc-ltd","485.50","-1.73%","494.10","28,802","7,133.97","11.42","200.61","584.80","448.90","-2.50%","-2.71%","-12.23%","-11.82%","113.13%","0.84","3.64%","16.08%","8.25%","35.86","496.67","511.31","41.10","69.14%","-"
"Happiest Minds Technologies","https://scanx.trade/company/happiest-minds-technologies-ltd","455.75","-3.65%","472.05","63,003","6,939.92","36.90","39.80","774.05","469.30","-8.64%","-14.11%","-39.21%","-47.92%","30.87%","4.42","1.25%","16.78%","16.50%","15.18","498.54","570.98","29.34","70.37%","-"
"Tanla Platforms","https://scanx.trade/company/tanla-platforms-ltd","520.95","-2.01%","529.05","20,486","6,908.70","14.71","39.80","794.00","409.40","-5.97%","-22.03%","-22.14%","-26.19%","-28.64%","3.12","2.29%","28.24%","27.29%","41.21","582.57","597.28","33.96","64.36%","-"
"Cera Sanitaryware","https://scanx.trade/company/cera-sanitaryware-ltd","5,144.85","0.02%","5,139.00","306","6,635.59","26.72","-25.21","7,735.00","5,062.00","-7.05%","-16.48%","-33.13%","-0.93%","47.57%","4.90","1.26%","17.76%","21.33%","177.56","5,634.22","6,088.59","33.94","68.67%","-"
"Network18 Media & Investments","https://scanx.trade/company/network-18-media-ltd","42.85","0.02%","42.33","60,715","6,607.47","-5.33","11.15","74.70","39.55","-4.93%","-17.82%","-39.13%","-35.17%","18.53%","1.34","-","-0.34%","-25.64%","-","45.44","50.18","42.91","60.00%","-"
"Mastek","https://scanx.trade/company/mastek-ltd","2,050.00","-2.91%","2,098.95","10,101","6,349.82","17.91","39.80","3,134.95","1,882.90","-7.40%","-6.95%","-30.95%","23.10%","73.30%","2.44","1.09%","17.48%","17.14%","98.56","2,178.21","2,312.26","32.98","66.08%","-"
"Sheela Foam","https://scanx.trade/company/sheela-foam-ltd","580.90","-0.31%","581.95","1,698","6,315.01","110.57","40.63","1,058.85","562.95","-3.18%","-13.32%","-41.73%","-55.09%","-31.30%","2.06","-","6.53%","5.76%","12.09","626.89","670.83","41.09","71.53%","-"
"Just Dial","https://scanx.trade/company/just-dial-ltd","723.00","-0.19%","712.05","2,169","6,148.73","16.97","40.63","1,095.00","700.00","-1.92%","-13.17%","-26.95%","22.51%","18.40%","1.53","-","9.02%","11.19%","16.40","745.95","839.45","44.79","65.51%","-"
"Praj Industries","https://scanx.trade/company/praj-industries-ltd","318.00","-1.72%","321.10","42,626","5,845.26","56.37","38.29","874.30","293.70","0.49%","-6.83%","-60.77%","-10.07%","184.31%","4.57","1.85%","22.23%","20.40%","15.60","329.99","430.36","43.55","66.27%","-"
"Sterling & Wilson Renewable Energy","https://scanx.trade/company/sterling-wilson-solar-ltd","209.65","-1.46%","212.50","41,468","4,895.21","-13.54","13.76","475.35","196.55","-7.21%","-13.17%","-53.96%","-21.29%","-6.26%","10.57","-","488.96%","17.09%","-","223.14","265.04","41.66","50.00%","-"